Ref,Group,Kind,Suggested item,Trim type (as on WO),Description (as on WO),Styles using,New Sage code,Unit cost (GBP),Style codes
T001,Thread,Trim,Thread — A&E 36's Stone,Thread - contrast stitching,Stone a&e 36's w44500,3,,,OHAPP0573224; OHAPP0574224RR; OHAPP0575224ST
T002,Thread,Trim,Thread — Coats Epic 40's Gold 02362,Thread - contrast,Gold epic 40's 02362,3,,,OHAPP057215DEN; OHAPP0572224DEN; OHAPP0572F224DEN
T003,Thread,Trim,Thread — Coats Epic 40's Gold 02362,THREAD,Coats epic 40's gold 02362,2,,,OHAPP0631224DENDS; OHAPP0535224DENDSSHT
T004,Thread,Trim,Thread — Coats Epic 40's Gold 02362,Thread - contrast,Gold 02362 40's all stitching,2,,,OHAPP0597224DEN; OHAPP0597F224DEN
T005,Thread,Trim,Thread — Coats Epic 40's Gold 02362,Thread - contrast stitching,Gold 02362 epic 40's,2,,,OHAPP061803DEN; OHAPP061903DEN
T006,Thread,Trim,Thread — Coats Epic 40's Gold 02362,THREAD,Coats gold 40's 02362 for topstitching,1,,,OHAPP0534224DEN
T007,Thread,Trim,Thread — Coats Epic 40's Gold 02362,THREAD,COATS GOLD Epic 40'S 02362,1,,,OHAPP0535224DENDS
T008,Thread,Trim,Thread — Coats Epic 75's Black,THREAD,BLACK 75's,1,,,OHCJSSUFFOLK--03L
T009,Thread,Trim,Thread — Coats Epic 75's White,THREAD,WHITE 75's,3,,,OHCJSSUFFOLK--01; OHCJSSUFFOLK--01L; OHCJSSUFFOLK--01S
T010,Thread,Trim,Thread — Coats Epic 80's Biscuit 08569,THREAD,Coats epic 80's 08569 biscuit,1,,,OHAPP063068HP2
T011,Thread,Trim,Thread — Coats Epic 80's Biscuit 08569,THREAD,Coats epic 80's khaki brown 08569,1,,,OHAPP0786153
T012,Thread,Trim,Thread — Coats Epic 80's Biscuit 08569,THREAD,Coats epic 80's sand 08569,1,,,OHTAB131
T013,Thread,Trim,Thread — Coats Epic 80's Black,THREAD,BLACK,14,,,OHCJMCHESHIRE--03; OHCJSMCHESHIRE--03; OHCJCUMBRIA--03; OHCJSCUMBRIA--03; OHCJMDEVON--03; OHCJSMDEVON--03; OHLCJSYORK--03; OHLCJYORK--03; OHAP052003; OHAP352803RS; OHAP352803VARI; OHAP352847; OHCTDURHAM--03; OHCTTDURHAM--03
T014,Thread,Trim,Thread — Coats Epic 80's Black,THREAD,Coats epic 80's black,11,,,OHCJSSUFFOLK--03; OHAPP078603; OHTAB03; OHAP352803PC; OHAPP063103DENDS; OHAPP065203; OHLCJDERBYSHIRE--03; OHLCJSDERBYSHIRE--03; OHCTLANCASHIRE--03; OHCTTLANCASHIRE--03; OHAPP053503DSSHT
T015,Thread,Trim,Thread — Coats Epic 80's Black,THREAD,Black coats epic 80's,9,,,OHCJSMSTRATFORD--03; OHHTM016003; OHAPP052003; OHAPP352803; OHLCJSHAMPSHIRE--03; OHLCTSHROPSHIRE--03; OHLCTSURREY--03; OHCTLINCOLN--03; OHCTTLINCOLN--03
T016,Thread,Trim,Thread — Coats Epic 80's Black,Thread,Black Epic 80's from Coats,4,,,OHCJMOXFORD--03; OHCJMOXFORD--03L; OHCJSMOXFORD--03; OHCJSMOXFORD--03L
T017,Thread,Trim,Thread — Coats Epic 80's Black,Thread - main,BLACK 80'S,3,,,OHAPP059703DEN153; OHAPP0597F03DEN153; OHAPP060003153DEN
T018,Thread,Trim,Thread — Coats Epic 80's Black,THREAD,Coats epic 80 col black,2,,,OHAPP054403; OHAPP054447
T019,Thread,Trim,Thread — Coats Epic 80's Black,Thread - main,Coats 80's black,2,,,OHAP300503PC; OHAP300503PCS
T020,Thread,Trim,Thread — Coats Epic 80's Black,Thread - main,Coats epic 80's black,2,,,OHAP300503PCL; OHAPP300503PCL
T021,Thread,Trim,Thread — Coats Epic 80's Black,THREAD,BLACK 80'S,1,,,OHCJSUFFOLK--03
T022,Thread,Trim,Thread — Coats Epic 80's Black,THREAD,Black 80's - coats,1,,,OHAPP053403DEN
T023,Thread,Trim,Thread — Coats Epic 80's Black,THREAD,Coats 80's black,1,,,OHAPP300503
T024,Thread,Trim,Thread — Coats Epic 80's Black,THREAD,COATS BLACK Epic 80'S,1,,,OHAPP053503DENDS
T025,Thread,Trim,Thread — Coats Epic 80's Black,THREAD,Coats epic 80 black,1,,,OHAPP061203DEN
T026,Thread,Trim,Thread — Coats Epic 80's Black,THREAD MAIN,Coats epic 80's black,1,,,OHAPP065103
T027,Thread,Trim,Thread — Coats Epic 80's Bottle Green 05976,THREAD,Coats epic 80's bottle green 05976,1,,,OHTAB24
T028,Thread,Trim,Thread — Coats Epic 80's Brown 00228,THREAD,BROWN Coats epic 80's 00228 or 08975,1,,,OHAP352882
T029,Thread,Trim,Thread — Coats Epic 80's Brown 08975,THREAD,Coats epic 80's brown 08975,3,,,OHAPP063082KPLN; OHAPP078682; OHTAB82
T030,Thread,Trim,Thread — Coats Epic 80's Brown 08975,THREAD,Brown coats epic 80's 08975,2,,,OHAPP352882; OHAPP0535222
T031,Thread,Trim,Thread — Coats Epic 80's Brown 08975,THREAD,COATS EPIC 80 COL 08975 Brown,1,,,OHAPP0544222
T032,Thread,Trim,Thread — Coats Epic 80's Brown 08975,THREAD - Main,Coats epic 80's brown 8975,1,,,OHAPP0634913
T033,Thread,Trim,Thread — Coats Epic 80's Burgundy 03922,THREAD - Main,Coats epic 80's burgundy 03922,1,,,OHAPP0634911
T034,Thread,Trim,Thread — Coats Epic 80's Burgundy 03944,THREAD,Coats epic 80's burgundy 03944,2,,,OHAPP078606; OHTAB06
T035,Thread,Trim,Thread — Coats Epic 80's Burgundy 03944,Thread - main,Coats epic 80's maroon 03944,1,,,OHAP300505
T036,Thread,Trim,Thread — Coats Epic 80's Charcoal 09939,THREAD,Charcoal coats 80's thread shade 09939,1,,,OHAPP0590128
T037,Thread,Trim,Thread — Coats Epic 80's Colour TBC,THREAD,Colour coats 80's,1,,,OHKIDSBIB--
T038,Thread,Trim,Thread — Coats Epic 80's Colour TBC 08707,Thread,Coats Epic 80's 08707,5,,,BANDANA109; TI003109; TI004109; TI005109; TI006109
T039,Thread,Trim,Thread — Coats Epic 80's Gold 02362,Thread - contrast,Gold epic 40'2 02362,1,,,OHAPP0598224DEN
T040,Thread,Trim,Thread — Coats Epic 80's Green 05925,THREAD,Coats epic 80's green 05925,1,,,OHAPP0630682KP
T041,Thread,Trim,Thread — Coats Epic 80's Green 05925,THREAD - Main,Coats epic 80's green 5925,1,,,OHAPP0634912
T042,Thread,Trim,Thread — Coats Epic 80's Grey 09404,THREAD,Coats epic 80 col grey 09404,1,,,OHAPP054448
T043,Thread,Trim,Thread — Coats Epic 80's Grey 09581,THREAD,Coats epic 80's grey 09581,1,,,OHAPP0630242KP
T044,Thread,Trim,Thread — Coats Epic 80's Grey 09963,THREAD,Coats epic 80's grey 09963,3,,,OHAPP3528248; OHAPP3528248S; OHAPP0652248
T045,Thread,Trim,Thread — Coats Epic 80's Grey 09963,THREAD,Coats 80's grey 09963,1,,,OHAPP3005248
T046,Thread,Trim,Thread — Coats Epic 80's Grey 09963,THREAD,Coats epic 80's 09963 storm grey,1,,,OHAPP0786248
T047,Thread,Trim,Thread — Coats Epic 80's Grey 09963,THREAD,Coats epic 80's dark grey 09963,1,,,OHTAB14
T048,Thread,Trim,Thread — Coats Epic 80's Grey 09963,THREAD,Grey (9963) from Coates,1,,,OHAP0520248
T049,Thread,Trim,Thread — Coats Epic 80's Grey 09963,THREAD,GREY 9963,1,,,OHAP3528248
T050,Thread,Trim,Thread — Coats Epic 80's Grey 09963,THREAD,Grey coats epic 80's 09963,1,,,OHAP3528248S
T051,Thread,Trim,Thread — Coats Epic 80's Grey 09963,Thread,Grey Coats Epic 80's 9963,1,,,OHHTM0160248
T052,Thread,Trim,Thread — Coats Epic 80's Grey 09963,THREAD,Storm/Nimbus (9963) from Coates,1,,,OHAPP0520248
T053,Thread,Trim,Thread — Coats Epic 80's Grey 09963,Thread - main,Coats epic 80's 09963,1,,,OHAP3005248L
T054,Thread,Trim,Thread — Coats Epic 80's Grey 09963,THREAD MAIN,Coats epic 80's 09963 grey,1,,,OHAPP0651248
T055,Thread,Trim,Thread — Coats Epic 80's Grey 09971,Thread - main,Grey epic 80's 9971,3,,,OHAPP0596FGD; OHAPP0596GD; OHAPP0599GD
T056,Thread,Trim,Thread — Coats Epic 80's Grey 09971,THREAD,Coats 9971 80's,2,,,OHAPP0569GD; OHAPP0534DENIM
T057,Thread,Trim,Thread — Coats Epic 80's Grey 09971,THREAD,Coats epic 80's grey 09971,2,,,OHAPP0631GDDS; OHAPP0535GDDSSHT
T058,Thread,Trim,Thread — Coats Epic 80's Grey 09971,THREAD,Coats 80's 9971,1,,,OHAPP0534GD
T059,Thread,Trim,Thread — Coats Epic 80's Grey 09971,THREAD,Coats epic 80 col 9971 grey,1,,,OHAPP0612GD
T060,Thread,Trim,Thread — Coats Epic 80's Grey 09971,THREAD,COATS GREY Epic 80'S 09971,1,,,OHAPP0535GDDS
T061,Thread,Trim,Thread — Coats Epic 80's Grey 09971,Thread - contrast fabric - cloth 2,Grey epic 80's 09971,1,,,OHAPP0573224
T062,Thread,Trim,Thread — Coats Epic 80's Grey 09971,Thread - contrast fabric - cloth 2,Grey epic 80's 9971,1,,,OHAPP0575224ST
T063,Thread,Trim,Thread — Coats Epic 80's Grey 09975,THREAD,Coats epic 80 col 09975 grey,2,,,OHAPP0544241; OHAPP0610241
T064,Thread,Trim,Thread — Coats Epic 80's Grey 09975,THREAD,Coats epic 80's grey 09975,2,,,OHAPP0631241DS; OHAPP0535241DSSHT
T065,Thread,Trim,Thread — Coats Epic 80's Grey 09975,THREAD,COATS Epic 80's SLATE GREY 09975,1,,,OHAPP0535241DS
T066,Thread,Trim,Thread — Coats Epic 80's Grey 09975,THREAD,Coats epic 80's — Grey 09975,1,,,OHAPP0535241
T067,Thread,Trim,Thread — Coats Epic 80's Grey 09975,THREAD,Grey 09975 epic 80's from Coats,1,,,OHAPP0535241SHT5
T068,Thread,Trim,Thread — Coats Epic 80's Grey 09984,THREAD,COATS EPIC 80'S 09984 Grey,1,,,OHAPP063014HP2
T069,Thread,Trim,Thread — Coats Epic 80's Khaki 08489,Thread - for waist ties and neck strap stitching,Khaki 08489 epic 80's,2,,,OHAPP059703DEN153; OHAPP0597F03DEN153
T070,Thread,Trim,Thread — Coats Epic 80's Khaki 08489,THREAD,Coats epic 80's khaki 08489,1,,,OHAPP0631153DS
T071,Thread,Trim,Thread — Coats Epic 80's Khaki 08489,Thread - contrast stitching,Khaki 08489 epic 80's,1,,,OHAPP060003153DEN
T072,Thread,Trim,Thread — Coats Epic 80's Light Grey,THREAD,Coats epic 80's light grey,1,,,OHTAB286
T073,Thread,Trim,Thread — Coats Epic 80's Maroon 03912,Thread for contrast,Maroon coats epic 80's 03912,11,,,OHAPP063103DENDS; OHAPP0631110DS; OHAPP0631153DS; OHAPP063115DS; OHAPP0631224DENDS; OHAPP0631241DS; OHAPP0631GDDS; OHAPP065103; OHAPP065115; OHAPP0651248; OHAPP065183
T074,Thread,Trim,Thread — Coats Epic 80's Moss 05767,THREAD,Moss 80's thread shade 05767 or 05742,1,,,OHAPP0590375
T075,Thread,Trim,Thread — Coats Epic 80's Navy,THREAD,Navy,1,,,OHAPP0534BUTCHERS
T076,Thread,Trim,Thread — Coats Epic 80's Navy 07912,THREAD,COATS Epic 80's NAVY 07912,1,,,OHSTRAP--SHT
T077,Thread,Trim,Thread — Coats Epic 80's Navy 07912,THREAD,Navy (07912) from coats,1,,,OHAPP053431
T078,Thread,Trim,Thread — Coats Epic 80's Navy 07912,THREAD,Navy Coats (07912) 80's epic,1,,,OHAP052031
T079,Thread,Trim,Thread — Coats Epic 80's Navy 07912,THREAD,Navy coats epic 80's 07912,1,,,OHAPP352831
T080,Thread,Trim,Thread — Coats Epic 80's Navy 07935,THREAD,Coats epic 80's navy 07935,7,,,OHAPP063015KPLN; OHAPP078615; OHTAB15; OHAPP063115DS; OHAPP065215; OHAPP053515DS; OHAPP0535315DSSHT
T081,Thread,Trim,Thread — Coats Epic 80's Navy 07935,THREAD,Navy coats epic 80's 07935,6,,,OHHTM016015; OHHT015415; OHAP352815; OHAPP352815; OHAPP053515; OHAPP053515S
T082,Thread,Trim,Thread — Coats Epic 80's Navy 07935,THREAD,Navy (07935) from Coates,2,,,OHAP052015; OHAPP052015
T083,Thread,Trim,Thread — Coats Epic 80's Navy 07935,THREAD,Coats 80's navy 07935,1,,,OHAPP300515
T084,Thread,Trim,Thread — Coats Epic 80's Navy 07935,THREAD,Coats epic 80 col 07935 navy,1,,,OHAPP054415
T085,Thread,Trim,Thread — Coats Epic 80's Navy 07935,THREAD,Coats navy 07935 80's can be used for the stitching showing on the underside of the apron if stitch tensions are a problem.,1,,,OHAPP0534224DEN
T086,Thread,Trim,Thread — Coats Epic 80's Navy 07935,THREAD,Navy (07935) Coates,1,,,OHAP052031S
T087,Thread,Trim,Thread — Coats Epic 80's Navy 07935,Thread - main,Coats epic 80's navy 07935,1,,,OHAP300515L
T088,Thread,Trim,Thread — Coats Epic 80's Navy 07935,Thread - main,NAVY 07935,1,,,OHAPP0573224
T089,Thread,Trim,Thread — Coats Epic 80's Navy 07935,Thread - main,NAVY 07935 coats 80's,1,,,OHAPP0598224DEN
T090,Thread,Trim,Thread — Coats Epic 80's Navy 07935,Thread - main,NAVY 80'S Coats 07935,1,,,OHAPP0572F224DEN
T091,Thread,Trim,Thread — Coats Epic 80's Navy 07935,Thread - main,NAVY 80's epic 07935,1,,,OHAPP0572224DEN
T092,Thread,Trim,Thread — Coats Epic 80's Navy 07935,Thread - main,NAVY epic 80's shade 07935,1,,,OHAPP057215DEN
T093,Thread,Trim,Thread — Coats Epic 80's Navy 07935,THREAD MAIN,Coats epic 80's navy 07935,1,,,OHAPP065115
T094,Thread,Trim,Thread — Coats Epic 80's Olive 05742,THREAD,Coats epic 80's olive 05742,5,,,OHAPP078683; OHTAB83; OHSTRAP--WAIST; OHAPP065283; OHSTRAP--
T095,Thread,Trim,Thread — Coats Epic 80's Olive 05742,THREAD,Olive coats epic 80's 05742,2,,,OHAPP352883; OHAPP352883S
T096,Thread,Trim,Thread — Coats Epic 80's Olive 05742,THREAD,Coats 5742 80's Olive green,1,,,OHAPP052083
T097,Thread,Trim,Thread — Coats Epic 80's Olive 05742,THREAD,Coats epic 80 col 5742 olive,1,,,OHAPP054483
T098,Thread,Trim,Thread — Coats Epic 80's Olive 05742,THREAD,Coats epic 80's — Olive 05742,1,,,OHAPP053583
T099,Thread,Trim,Thread — Coats Epic 80's Olive 05742,THREAD,Olive coats 05742,1,,,OHAP352883
T100,Thread,Trim,Thread — Coats Epic 80's Olive 05742,Thread - main,Coats epic 80's olive green 05742,1,,,OHAP300583
T101,Thread,Trim,Thread — Coats Epic 80's Olive 05742,THREAD MAIN,Coats epic 80's olive 05742,1,,,OHAPP065183
T102,Thread,Trim,Thread — Coats Epic 80's Peat 108896,THREAD,108896 peat,1,,,OHAPP052082
T103,Thread,Trim,Thread — Coats Epic 80's Peat 108896,THREAD,Peat 108896,1,,,OHAP052082
T104,Thread,Trim,Thread — Coats Epic 80's Pink 03173,THREAD,COATS Epic 80's Pink 03173,1,,,OHSTRAP04
T105,Thread,Trim,Thread — Coats Epic 80's Pink 03897,THREAD,Coats epic 80's pink 03897,1,,,OHTAB04
T106,Thread,Trim,Thread — Coats Epic 80's Putty 08561,THREAD,Coats epic 80's putty 08561,2,,,OHAPP0631110DS; OHAPP0535110DSSHT
T107,Thread,Trim,Thread — Coats Epic 80's Putty 08561,THREAD,COATS Epic 80's PUTTY 8561,1,,,OHAPP0535110DS
T108,Thread,Trim,Thread — Coats Epic 80's Putty 08561,THREAD,Putty 8561 - coats,1,,,OHAP0566PUTTY
T109,Thread,Trim,Thread — Coats Epic 80's Red 03860,Red thread for bartack and bottom buttonhole,Red epic 80's 03860,1,,,OHCJSBEDFORD--01
T110,Thread,Trim,Thread — Coats Epic 80's Red 03860,THREAD,Coats epic 80's red 03860,1,,,OHTAB921
T111,Thread,Trim,Thread — Coats Epic 80's Rust 08863,THREAD,Coats epic 80's rust 08863,1,,,OHAPP0630681KP
T112,Thread,Trim,Thread — Coats Epic 80's Sage 05765,THREAD,Coats epic 80 col 05765 sage,1,,,OHAPP0544173
T113,Thread,Trim,Thread — Coats Epic 80's Stone 08335,THREAD,Stone coats 80's thread shade 08335,1,,,OHAPP0590156
T114,Thread,Trim,Thread — Coats Epic 80's White,THREAD,WHITE,27,,,OHCJSMCHESHIRE--01; OHCJMCHESHIRE--01; OHCJMCHESHIRE--01L; OHCJSMCHESHIRE--01L; OHCJSMOXFORDNLL--01; OHCJCUMBRIA--01; OHCJSCUMBRIA--01; OHCJSCUMBRIA--01L; OHCJSCUMBRIA--01S; OHCJMDEVON--01; OHCJSMDEVON--01; OHCJMDORSET--01LS; OHCJMDORSET--01; OHCJMDORSET--01L; OHCJSMDORSET--01; OHCJSMDORSET--01L; OHCJSMDORSET--01S; OHCJNORFOLK--01; OHCJSNORFOLK--01; OHCJSUFFOLK--01; OHLCJSYORK--01; OHLCJYORK--01; OHHT015201; OHCTDURHAM--26; OHCTTDURHAM--26; OHAPP0534DAISEYDOT; OHAPP0534STRIPE
T115,Thread,Trim,Thread — Coats Epic 80's White,THREAD,Coats epic 80's white,11,,,OHCJCUMBRIA--01L; OHBABYCHEFJKT; OHAPP054401C; OHAPP078601; OHTAB01; OHAPP352801C; OHLCJDERBYSHIRE--01; OHLCJSDERBYSHIRE--01; OHLCJSDERBYSHIRE--01S; OHCTLANCASHIRE--26; OHCTTLANCASHIRE--26
T116,Thread,Trim,Thread — Coats Epic 80's White,THREAD,White coats epic 80's,7,,,OHCJMSTRATFORD--01; OHCJMSTRATFORD--01S; OHCJSMSTRATFORD--01; OHCJSMSTRATFORD--01S; OHHTM016001; OHLCJHAMPSHIRE--01; OHLCJSHAMPSHIRE--01
T117,Thread,Trim,Thread — Coats Epic 80's White,Thread,White Epic 80's from Coats,6,,,OHCJMOXFORD--01; OHCJMOXFORD--01L; OHCJSMOXFORD--01; OHCJSMOXFORD--01L; OHCJSMOXFORD--01S; OHCJSMOXFORD--01LS
T118,Thread,Trim,Thread — Coats Epic 80's White,THREAD,Epic 80's white,2,,,OHAP352801C; OHAP352801PC
T119,Thread,Trim,Thread — Coats Epic 80's White,Thread - main,Coats 80's white,2,,,OHAP300501C; OHAP300501PC
T120,Thread,Trim,Thread — Coats Epic 80's White,THREAD,White epic 80's,1,,,OHCJSBEDFORD--01
T121,Thread,Trim,Thread — Coats Epic 80's Yellow 01425,THREAD,Coats epic 80's yellow 01425,1,,,OHTAB11
T122,Thread,Trim,Thread — Terking 50's Navy,Thread - main,Navy 50's col 48 terking,2,,,OHAPP0574224RR; OHAPP0575224ST
T123,Thread,Trim,Thread — Terking 50's Navy,Thread - contrast fabric - cloth 2,Navy 50's col 48 terking,1,,,OHAPP0574224RR
T124,Studs,Trim,Antique brass capped studs,Antique brass capped studs,Quality 050b parts a/b/c/d/ 4 x male (a/b) and 2 x female (c/d),4,,,OHAPP0596FGD; OHAPP0596GD; OHAPP059703DEN153; OHAPP0597F03DEN153
T125,Studs,Trim,Antique brass capped studs,Antique brass capped studs,Quality 050b parts a/b/c/d/ 4 x female (a/b) and 2 x male (c/d),2,,,OHAPP0597224DEN; OHAPP0597F224DEN
T126,Studs,Trim,Apron studs - box marked up ohapp0630 kpln,Apron studs - box marked up ohapp0630 kpln,"Use special studs for leather neck strap, as marked on box of studs. use marker for leather neck strap apron for position of studs. 2 x stud (parts c and d) 4 studs per apron",2,,,OHAPP063015KPLN; OHAPP063082KPLN
T127,Studs,Trim,Black capped stud,Black capped stud,1 X black capped stud at collar,2,,,OHCJSSUFFOLK--03L; OHCJSUFFOLK--03
T128,Studs,Trim,Bronze large studs,Bronze large studs,Set to top of bib (lower studs) use marker. x 4,12,,,OHAPP053503DENDS; OHAPP053503DSSHT; OHAPP0535110DS; OHAPP0535110DSSHT; OHAPP053515DS; OHAPP0535224DENDS; OHAPP0535224DENDSSHT; OHAPP0535241DS; OHAPP0535241DSSHT; OHAPP0535315DSSHT; OHAPP0535GDDS; OHAPP0535GDDSSHT
T129,Studs,Trim,Bronze large studs,Bronze large studs,Set to strap 2 male and 2 female at each end. use marker total 4 studs,7,,,OHAPP063103DENDS; OHAPP0631110DS; OHAPP0631153DS; OHAPP063115DS; OHAPP0631224DENDS; OHAPP0631241DS; OHAPP0631GDDS
T130,Studs,Trim,Bronze large studs,Bronze large studs,Top stud set to one end of strap. 3cm spacing between studs.2 studs per strap (use marker) topstitching of strap to be to outer edge of bib. stud straps as a pair and keep together.,3,,,OHSTRAP04; OHSTRAP--SHT; OHSTRAP--
T131,Studs,Trim,Bronze large studs,Bronze large studs,2 x male stud then 2 x female stud - use marker set to one end of strap. mark and set as a pair.,1,,,OHSTRAP--WAIST
T132,Studs,Trim,Bronze large studs male part set to apron female part set to leather (use markers),Bronze large studs male part set to apron female part set to leather (use markers),Set to top of bib for strap (male stud) use marker. x 4 for short bib strap x 2 (male studs) use marker for pocket x 2 (male studs) use marker,1,,,OHAPP061203DEN
T133,Studs,Trim,Bronze large studs male part set to apron female part set to leather (use markers),Bronze large studs male part set to apron female part set to leather (use markers),Set to top of bib for strap (male stud) use marker. x 4 for short bib tab x 2 (male studs) use marker for pocket x 2 (male studs) use marker,1,,,OHAPP0612GD
T134,Studs,Trim,Buttons,Buttons,Squashed detachable stud buttons,5,,,OHCJSMOXFORD--01; OHCJSMOXFORD--01L; OHCJSMOXFORD--01S; OHCJSMOXFORD--01LS; OHCJSMOXFORD--03
T135,Studs,Trim,Buttons,Buttons,"Detachable stud buttons, white",1,,,OHCJSMOXFORDNLL--01
T136,Studs,Trim,Buttons,Buttons,Squashed detachable stud buttons — black,1,,,OHCJSMOXFORD--03L
T137,Studs,Trim,Capped stud,CAPPED STUD,1 X black capped stud at collar,1,,,OHCJSSUFFOLK--03
T138,Studs,Trim,Gilt cap stud 15 mm,Gilt cap stud 15 mm x 1,Supplier New Lace — cap and socket parts only (050B/A15/CAP/GILT + 050B/B/SOCKET/GILT),1,,,TI005109
T139,Studs,Trim,Ring stud,RING STUD,1 x male stud plus 4 x female stud per garment. set to neck strap pre-make up. (use marker),2,,,OHAPP054403; OHAPP0544173
T140,Studs,Trim,Ring stud,Ring stud x 1 set,1 x female ring stud set to end of neck loop — male part set to centre back of jacket,1,,,OHCJSMOXFORDNLL--01
T141,Studs,Trim,Ring stud at centre front,Ring stud at centre front,Ring stud X 6 at centre front. 1 on collar + 5 down centre front 1 X ring stud set to neck loop and male part set to centre back of jacket use the longer prong studs on all stratford jackets,3,,,OHCJMSTRATFORD--01; OHCJSMSTRATFORD--03; OHCJSMSTRATFORD--01
T142,Studs,Trim,Ring stud at centre front,Ring stud at centre front,Ring stud X 6 at centre front. 1 on collar + 5 down centre front 1 X ring stud set to neck loop and male part set to centre back of jacket use the longer length prong stud on all stratford jackets,1,,,OHCJSMSTRATFORD--01S
T143,Studs,Trim,Ring stud at centre front,Ring stud at centre front,Ring stud X 6 at centre front. 1 on collar + 5 down centre front 1 X ring stud set to neck loop and male part set to centre back of jacket use the longer prong studs on all statford jackets,1,,,OHCJMSTRATFORD--01S
T144,Studs,Trim,Stud antique brass,Stud antique brass x 2 new lace - 050b/c 050b/d,2 x stud(male part) set to bib apron. top stud set to back of bib and bottom stud set to front of bib. use marker ohapp0630,8,,,OHAPP078601; OHAPP078603; OHAPP078606; OHAPP078615; OHAPP0786153; OHAPP0786248; OHAPP078682; OHAPP078683
T145,Studs,Trim,Stud antique brass,Stud antique brass,2 x female stud set to leather strap. 2 x male stud set to bib apron. use markers.,5,,,OHAPP063014HP2; OHAPP0630242KP; OHAPP0630681KP; OHAPP0630682KP; OHAPP063068HP2
T146,Studs,Trim,Stud antique brass,Stud antique brass,2 x top stud set to neck loop. 2 x lower stud bib apron. use markers as ohapp0630,2,,,OHAPP0634911; OHAPP0634912
T147,Studs,Trim,Stud antique brass,Stud antique brass,2 X FEMALE STUD SET TO LEATHER STRAP. USE MARKER as used for leather strap on 0630,1,,,OHTAB222/LT
T148,Studs,Trim,Stud antique brass,Stud antique brass,2 x top stud set to neck loop. 2 x lower stud bib apron. use marker as ohapp0630.,1,,,OHAPP0634913
T149,Studs,Trim,Studs,Studs,10 X nickel free ring press studs,4,,,OHCJMDEVON--01; OHCJMDEVON--03; OHCJSMDEVON--01; OHCJSMDEVON--03
T150,Studs,Trim,Studs,STUDS,Ring press stud fasten (concealed studs),4,,,OHLCJSYORK--01; OHLCJSYORK--03; OHLCJYORK--01; OHLCJYORK--03
T151,Studs,Trim,Studs,STUDS,10 x sets of ring press studs,2,,,OHCJSCUMBRIA--01; OHCJSCUMBRIA--01S
T152,Studs,Trim,White capped stud,White capped stud,1 X white capped stud at collar,4,,,OHCJSSUFFOLK--01; OHCJSSUFFOLK--01L; OHCJSSUFFOLK--01S; OHCJSUFFOLK--01
T153,Buttons,Trim,4 hole buttons,4 HOLE BUTTONS x 9 inc 1 spare,Jones button p102/23l white 4 hole,1,,,OHCJSBEDFORD--01
T154,Buttons,Trim,Brass button,Brass button x 1,Antique brass oliver harvey button,6,,,OHAPP057215DEN; OHAPP0572224DEN; OHAPP0572F224DEN; OHAPP0573224; OHAPP0574224RR; OHAPP0575224ST
T155,Buttons,Trim,Button,BUTTON,Brass effect Oliver Harvey logo'd button - four holed,6,,,OHAPP053431; OHAPP0534GD; OHAPP0534BUTCHERS; OHAPP0534DAISEYDOT; OHAPP0534DENIM; OHAPP0534STRIPE
T156,Buttons,Trim,Button,BUTTON,Brass effect Oliver Harvey logo'd button - four hole,2,,,OHAPP053403DEN; OHAPP0534224DEN
T157,Buttons,Trim,Button,BUTTON,Oliver harvey brass coloured logo'd button / Need button for waist and button for pocket,2,,,OHCTDURHAM--03; OHCTDURHAM--26
T158,Buttons,Trim,Button,BUTTON,Brass effect OH button - four hole,1,,,OHAPP0535241SHT5
T159,Buttons,Trim,Button,BUTTON,Oliver harvey brass coloured log'od buttons / Need button for waist and button for pocket,1,,,OHCTTDURHAM--03
T160,Buttons,Trim,Button,BUTTON,Oliver harvey brass coloured logo'd buttons / Need button for waist and button for pocket,1,,,OHCTTDURHAM--26
T161,Buttons,Trim,Button holes,Button holes,Key hole buttons holes - horizontal on outside edge of panel only - top button slanted to top corner,2,,,OHCJSMDORSET--01; OHCJSMDORSET--01S
T162,Buttons,Trim,Button/buttonholes,Button/buttonholes,Key hole button hole - horizontal on outside edge of panel only - / Top button slanted to top corner,1,,,OHCJMDORSET--01
T163,Buttons,Trim,Button/buttonholes,Button/buttonholes,Key hole buttons holes - horizontal on outside edge of panel only / Top buttonhole slanted to top corner,1,,,OHCJSMDORSET--01L
T164,Buttons,Trim,Button/holes,Button/holes,Straight buttonholes,4,,,OHCJSMOXFORD--01; OHCJSMOXFORD--01S; OHCJSMOXFORD--01LS; OHCJSMOXFORD--03
T165,Buttons,Trim,Button/holes,Button/holes,12 x button/buttonholes vertical and horizontal — sloping to the top corners,2,,,OHCJMOXFORD--01; OHCJMOXFORD--03
T166,Buttons,Trim,Button/holes,BUTTON/HOLES,Key hole button hole - horizontal on outside edge of panel only- / Top button slanted to top corner,2,,,OHCJMDORSET--01LS; OHCJMDORSET--01L
T167,Buttons,Trim,Button/holes,Button/holes,"Straight buttonholes, apart from the top two which are slanted into the corner",2,,,OHCJMOXFORD--01L; OHCJMOXFORD--03L
T168,Buttons,Trim,Button/holes,Button/holes,"Straight buttonholes, top buttonholes slanted into corners",2,,,OHCJSMOXFORD--01L; OHCJSMOXFORD--03L
T169,Buttons,Trim,Button/holes,Button/holes,"Straight buttonholes, top buttonholes slanted into corners — 5/8"" blade",1,,,OHCJSMOXFORDNLL--01
T170,Buttons,Trim,Buttons,Buttons,12 utexbel fabric roll buttons - hand sewn,6,,,OHCJMDORSET--01LS; OHCJMDORSET--01; OHCJMDORSET--01L; OHCJSMDORSET--01; OHCJSMDORSET--01L; OHCJSMDORSET--01S
T171,Buttons,Trim,Buttons,BUTTONS,Jones p3536 36l buttons - white 10 buttons,2,,,OHCJNORFOLK--01; OHCJSNORFOLK--01
T172,Buttons,Trim,Buttons,Buttons,Squashed detachable buttons,2,,,OHCJMOXFORD--01; OHCJMOXFORD--03
T173,Buttons,Trim,Oh brass button,OH brass button,4 hole OH logo brass button,5,,,OHAPP0535241; OHAPP053583; OHAPP053515; OHAPP053515S; OHAPP0535222
T174,Buttons,Trim,Oh brass button,OH brass button,1 x OH brass button at front waistband,1,,,OHLCTSHROPSHIRE--03
T175,Buttons,Trim,Oh logo button,OH logo button,4 hole brass button - set 2cm in from armhole edge and centrally within depth of bib facing.,1,,,OHAPP0569GD
T176,Buttons,Trim,Oliver harvey brass button,Oliver harvey brass button,Oliver harvey brass button x 1 set to front waistband.,2,,,OHCTLINCOLN--03; OHCTTLINCOLN--03
T177,Rivets,Trim,Antique brass rivet,Antique brass rivet,Set to top of pocket mouth x 2 (010b/7p - 011b invert nipple rivet and post),2,,,OHAPP053403DEN; OHAPP0534224DEN
T178,Rivets,Trim,Antique brass rivets,Antique brass rivets x 4,010b/7p-011b antique brass invert nipple rivet and post. set to top corners of pocket,9,,,OHAPP063103DENDS; OHAPP0631224DENDS; OHAPP0631GDDS; OHAPP053503DENDS; OHAPP053503DSSHT; OHAPP0535224DENDS; OHAPP0535224DENDSSHT; OHAPP0535GDDS; OHAPP0535GDDSSHT
T179,Rivets,Trim,Antique brass rivets,Antique brass rivets x 4,010B/7P - 011B - Antique brass Invert nipple rivet and post - one at each top corner of pocket,7,,,OHAPP0574224RR; OHAPP0575224ST; OHAPP059703DEN153; OHAPP0597224DEN; OHAPP0597F03DEN153; OHAPP0597F224DEN; OHAPP0598224DEN
T180,Rivets,Trim,Antique brass rivets,Antique brass rivets x 6,010B/7P - 011B - Antique brass Invert nipple rivet and post - one at each top corner of pocket,4,,,OHAPP057215DEN; OHAPP0572224DEN; OHAPP0572F224DEN; OHAPP0573224
T181,Rivets,Trim,Antique brass rivets,Antique brass rivets x 2,010B/7P - 011B - Antique brass Invert nipple rivet and post - one at each top corner of pocket,3,,,OHAPP0596FGD; OHAPP0596GD; OHAPP0599GD
T182,Rivets,Trim,Antique brass rivets,Antique brass rivets x2,010B/7P - 011B - Antique brass Invert nipple rivet and post - one at each top corner of pocket,2,,,OHAPP061803DEN; OHAPP061903DEN
T183,Rivets,Trim,Antique brass rivets,Antique brass rivets,SET TO TOP OF POCKET MOUTH. ( 010B/7P - O11B Invert nipple rivet),1,,,OHAPP0569GD
T184,Rivets,Trim,Antique brass rivets,Antique brass rivets x4,010B/7P - 011B - Antique brass Invert nipple rivet and post - one at each top corner of pocket,1,,,OHAPP060003153DEN
T185,Rivets,Trim,Antique brass rivets- nipple rivets,Antique brass rivets- nipple rivets x 4 new lace - 011b/ab nipple 010b/7p prong,Nipple rivets set to top of slant pocket opening x 4,6,,,OHAPP078601; OHAPP078603; OHAPP078606; OHAPP0786153; OHAPP0786248; OHAPP078683
T186,Rivets,Trim,Antique brass rivets- nipple rivets,Antique brass rivets- nipple rivets x 4 new lace - 011b/ab nipple 010b/7p prong,Nipple rivets set to top of slant pocket openings x 4,2,,,OHAPP078615; OHAPP078682
T187,Rivets,Trim,Rivets,RIVETS,Antique brass invert nipple rivet and post (010b/7p 011b) total 4,3,,,OHAPP0630242KP; OHAPP0630681KP; OHAPP0630682KP
T188,Rivets,Trim,Rivets,RIVETS,Antique brass invert nipple rivet and post (010b/7p 011b) antique brass total 4,2,,,OHAPP063015KPLN; OHAPP063082KPLN
T189,Rivets,Trim,Rivets,RIVETS,010B/7P - 011B - Antique brass Invert nipple rivet and post - one at each top corner of pocket,1,,,OHAPP0534DENIM
T190,Rivets,Trim,Rivets,RIVETS,010B/7P post - 011B invert nipple rivets in antique brass colour - one at each top corner of pocket,1,,,OHAPP0534GD
T191,Eyelets,Trim,28mm silver eyelets,28mm silver eyelets,3 per garment. set to top of finished bib left side as worn. set centre of eyelet 3cm down from top and 3cm in from side . set to top of finished side seam of apron. set 3cm down from armhole and 3cm in from side seam.,1,,,OHAP0566PUTTY
T192,Eyelets,Trim,30mm antique brass eyelets,30mm antique brass eyelets,3 per garment. set to top of finished bib left side as worn. set centre of eyelet 3cm down from top and 3cm in from side . set to top of finished side seam of apron. set 3cm down from armhole and 3cm in from side seam.,3,,,OHAPP0590128; OHAPP0590156; OHAPP0590375
T193,Eyelets,Trim,30mm eyelet and ring antique brass 30mm e/r ab,30mm eyelet and ring antique brass 30mm e/r ab x 2,Set to top of waist. centre of eyelet set 3cm from top and 3cm from sides of apron.,7,,,OHAPP063103DENDS; OHAPP0631110DS; OHAPP0631153DS; OHAPP063115DS; OHAPP0631224DENDS; OHAPP0631241DS; OHAPP0631GDDS
T194,Eyelets,Trim,Antique brass 30mm eyelet,Antique brass 30mm eyelet x 2,30e/r ab antique brass eyelet and ring 30mm. set to top of side seam. cente of eyelet to be 3cm down from top of side seam and 3cm in from side seam.,8,,,OHAPP065103; OHAPP065115; OHAPP0651248; OHAPP065183; OHAPP065203; OHAPP065215; OHAPP0652248; OHAPP065283
T195,Eyelets,Trim,Antique brass eyelets,Antique brass eyelets x 2,30e/r ab antique brass eyelets 30mm . set to top of side seam. centre of eyelet 3cm down from top and 3cm in from side seam - finished. set to top edge of bib. centre of eyelet set 3cm from side of bib and 3cm from top of bib.,9,,,OHAPP0596FGD; OHAPP0596GD; OHAPP059703DEN153; OHAPP0597224DEN; OHAPP0597F03DEN153; OHAPP0597F224DEN; OHAPP061203DEN; OHAPP0612GD; OHAPP060003153DEN
T196,Eyelets,Trim,Antique brass eyelets,Antique brass eyelets,30e/r ab antique brass eyelets 30mm . set to top of side seam. centre of eyelet 3cm down from top and 3cm in from side seam - finished.,3,,,OHAPP0573224; OHAPP0574224RR; OHAPP0575224ST
T197,Eyelets,Trim,Antique brass eyelets,Antique brass eyelets x 2,30e/r ab antique brass eyelets 30mm . set to top of side seam. centre of eyelet 3cm down from top and 3cm in from side seam - finished.,1,,,OHAPP0598224DEN
T198,Eyelets,Trim,Antique brass eyelets,Antique brass eyelets x 2,30e/r ab antique brass eyelets 30mm . set to top of side seam. centre of eyelet 3cm down from top and 3cm in from side seam - finished. set to top edge of bib.,1,,,OHAPP0599GD
T199,Eyelets,Trim,Antique brass eyelets 30mm,Antique brass eyelets 30mm,30e/r ab 30mm. set so centre of eyelet is 3cm from finished top edge and 3cm in from finished side seam. total 2,12,,,OHAPP053503DENDS; OHAPP053503DSSHT; OHAPP0535110DS; OHAPP0535110DSSHT; OHAPP053515DS; OHAPP0535224DENDS; OHAPP0535224DENDSSHT; OHAPP0535241DS; OHAPP0535241DSSHT; OHAPP0535315DSSHT; OHAPP0535GDDS; OHAPP0535GDDSSHT
T200,Eyelets,Trim,Large antique brass eyelets,Large antique brass eyelets,30mm antique brass eyelet and ring,2,,,OHAPP063015KPLN; OHAPP063082KPLN
T201,"Buckles, sliders & rings",Trim,32mm bronze d rings,32mm bronze d rings,D rings set through leather loop. set to left side of bib as worn.,1,,,OHAPP0610241
T202,"Buckles, sliders & rings",Trim,Antique brass bar (single brass slider),ANTIQUE BRASS BAR (single brass slider),25mm rectangular ring x 1 - new lace -,2,,,OHAPP063014HP2; OHAPP063068HP2
T203,"Buckles, sliders & rings",Trim,Antique brass sliders,Antique brass sliders,25mm sab buck ab x 2 - new lace,3,,,OHAPP0634911; OHAPP0634912; OHAPP0634913
T204,"Buckles, sliders & rings",Trim,Antique brass sliders (double brass slider),ANTIQUE BRASS SLIDERS (double brass slider),25MM SAB BUCK AB X 1 triglide - NEW LACE x 2,3,,,OHAPP0630242KP; OHAPP0630681KP; OHAPP0630682KP
T205,"Buckles, sliders & rings",Trim,Antique brass sliders (double brass slider),ANTIQUE BRASS SLIDERS (double brass slider),25MM SAB BUCK AB X 1 triglide - NEW LACE,2,,,OHAPP063014HP2; OHAPP063068HP2
T206,"Buckles, sliders & rings",Trim,Antique brass tri glide slider buckle 25mm,Antique brass tri glide slider buckle 25mm x 2 new lace - sab25/ab x 2,Tri glide sliders set to neck strap for adjustment,6,,,OHAPP078601; OHAPP078603; OHAPP078606; OHAPP0786153; OHAPP078682; OHAPP078683
T207,"Buckles, sliders & rings",Trim,Antique brass tri glide slider buckle 25mm,Antique brass tri glide slider buckle 25mm x 2 new lace - sab25/ab x 2 - new lace,Tri glide sliders set to neck strap for adjustment,1,,,OHAPP078615
T208,"Buckles, sliders & rings",Trim,Antique brass tri glide slider buckle 25mm,Antique brass tri glide slider buckle 25mm x 2 sab25/ab x 2 - new lace,Tri glide sliders set to neck strap for adjustment,1,,,OHAPP0786248
T209,"Buckles, sliders & rings",Trim,Antique brass tri- glide slider,Antique brass Tri- glide slider,25mm Antique Brass slider x 2 (USE 1 tri glide slider as the rectangle loop),4,,,OHAPP065103; OHAPP065115; OHAPP0651248; OHAPP065183
T210,"Buckles, sliders & rings",Trim,Black 20mm waistcoat buckle,Black 20mm waistcoat buckle,X 1 set to back waist tab adjuster,1,,,OHLCTSURREY--03
T211,"Buckles, sliders & rings",Trim,Brass buckle,BRASS BUCKLE,Brass effect buckle dcf40flap,1,,,OHAPP0569GD
T212,"Buckles, sliders & rings",Trim,Buckle,BUCKLE,Brass effect style buckle - DCF40FLAP/Antique brass,9,,,OHAPP053403DEN; OHAPP0534224DEN; OHAPP053431; OHAPP0534GD; OHAPP0534BUTCHERS; OHAPP0534DAISEYDOT; OHAPP0534DENIM; OHAPP0534STRIPE; OHAPP0535241SHT5
T213,"Buckles, sliders & rings",Trim,Buckle,BUCKLE X 1,Antique brass buckle dcf40flap,6,,,OHAPP057215DEN; OHAPP0572224DEN; OHAPP0572F224DEN; OHAPP0573224; OHAPP0574224RR; OHAPP0575224ST
T214,"Buckles, sliders & rings",Trim,Buckle,BUCKLE,Antique brass buckle dcf40flap,5,,,OHAPP0535241; OHAPP053583; OHAPP053515; OHAPP053515S; OHAPP0535222
T215,"Buckles, sliders & rings",Trim,Concealed studs,Concealed studs,10 -nickle plated ring press studs. concealed female studs set to left front as worn set before make up. use marker per size,5,,,OHLCJDERBYSHIRE--01; OHLCJDERBYSHIRE--03; OHLCJSDERBYSHIRE--01; OHLCJSDERBYSHIRE--01S; OHLCJSDERBYSHIRE--03
T216,"Buckles, sliders & rings",Trim,D ring bronze 32mm,D ring bronze 32mm x 2,Set through leather strap with studs to secure. set to left side of bib as worn.,2,,,OHAPP061203DEN; OHAPP0612GD
T217,"Buckles, sliders & rings",Trim,Fastening,FASTENING,Black plastic tri glide slider / Black rectangle loop set with fabric loop - Right hand side as worn,11,,,OHAP052003; OHAP052015; OHAP0520248; OHAP052031; OHAP052031S; OHAP052082; OHAPP052003; OHAPP052015; OHAPP0520248; OHAPP052082; OHAPP052083
T218,"Buckles, sliders & rings",Trim,Large bronze studs male part set to apron female part set to leather trim,Large bronze studs male part set to apron female part set to leather trim,Use markers - set studs to attach leather trim at pocket and at bib top. set studs to attach neck strap and d ring loop at neck,1,,,OHAPP0610241
T219,"Buckles, sliders & rings",Trim,Leather trim,LEATHER TRIM,1 long neck strap .1 x short strap with d ring loop. 1 x pocket strap. 1 x short bib strap,3,,,OHAPP0610241; OHAPP061203DEN; OHAPP0612GD
T220,"Buckles, sliders & rings",Trim,Ring studs,RING STUDS,5 X nickel plated ring press studs,5,,,OHCJSSUFFOLK--01; OHCJSSUFFOLK--01S; OHCJSSUFFOLK--03; OHCJSUFFOLK--01; OHCJSUFFOLK--03
T221,"Buckles, sliders & rings",Trim,Ring studs,RING STUDS,"Sizes 34"" to 42"" long length 5 X nickel plated ring press studs. sizes 44"" and upwards on long length to have 6 X ring studs",2,,,OHCJSSUFFOLK--01L; OHCJSSUFFOLK--03L
T222,"Buckles, sliders & rings",Trim,Stud fastened neck strap,Stud fastened neck strap,Supplied and set by outside supplier - leather neck strap with antique brass studs (2.5cm apart) antique brass buckle and d ring,1,,,OHAPP063082KPLN
T223,"Buckles, sliders & rings",Trim,Stud fastened neck strap,Stud fastened neck strap,Supplied by outside supplier - leather neck strap with antique brass caps (2.5cm apart) antique brass buckle and d ring,1,,,OHAPP063015KPLN
T224,"Buckles, sliders & rings",Trim,Studs,Studs,10 x nickel-plated ring press studs,6,,,OHCJSMCHESHIRE--01; OHCJMCHESHIRE--01; OHCJMCHESHIRE--01L; OHCJMCHESHIRE--03; OHCJSMCHESHIRE--01L; OHCJSMCHESHIRE--03
T225,"Buckles, sliders & rings",Trim,Studs,STUDS,10 X nickel plated ring press studs,5,,,OHCJCUMBRIA--01; OHCJCUMBRIA--01L; OHCJCUMBRIA--03; OHCJSCUMBRIA--01L; OHCJSCUMBRIA--03
T226,"Buckles, sliders & rings",Trim,Studs,Studs,"5 x nickel-plated ring press studs — concealed female studs set to left front (overlock front edge then set female studs pre-make-up, see JH for marker)",1,,,OHBABYCHEFJKT
T227,Zips,Trim,Antique brass zip,Antique brass zip,"18cm (7"") black zip with antique brass metal teeth mgkbc56c/7/18",2,,,OHAPP061803DEN; OHAPP061903DEN
T228,Zips,Trim,Black mediumweight spiral zip,Black mediumweight spiral zip x 1,"Size 26"" to 28"" to be 5"" (13cm)zip zip cnc56c/5/13 black sizes 30"" to 40"" to be 6"" (15cm)zip cnc56c/6/15 black",1,,,OHCTLINCOLN--03
T229,Zips,Trim,Single open end zip - moulded size 5 - black,Single open end zip - moulded size 5 - black,Single open end zip black moulded teeth size 5 - 51cm length for size 6 - 16 for size 18 to 20 length 54cm,1,,,OHLCJSHAMPSHIRE--03
T230,Zips,Trim,Single open end zip - moulded size 5 - white,Single open end zip - moulded size 5 - white,Single open end zip white moulded teeth size 5 - 51cm length for size 6 - 16 for size 18 to 20 length 54cm,2,,,OHLCJHAMPSHIRE--01; OHLCJSHAMPSHIRE--01
T231,Zips,Trim,Ykk zip black metal teeth no. 5 weight,YKK zip black metal teeth no. 5 weight,"BLACK TAPE BLACK METAL TEETH. TO BE 7"" (18CM)ZIP. YGRKC/36/18/BLACK SIZES 8 - 20 8"" (20cm)zip from sizes 22 - 24",1,,,OHLCTSURREY--03
T232,Zips,Trim,Zip,ZIP,"5"" zip (13cm) black nylon moulded (chunky) teeth (vsc56c/5/13/black) - size XXS to large 6"" zip (15cm) black nylon moulded (chunky) teeth ( vsc56c/6/15/black)- size xlarge upwards",2,,,OHCTLANCASHIRE--03; OHCTTLANCASHIRE--03
T233,Zips,Trim,Zip,ZIP,"5"" zip (13cm) white nylon moulded (chunky) teeth (vsc56c/5/13/white) - size XXS to large 6"" zip (15cm) white nylon moulded (chunky) teeth ( vsc56c/6/15/white)- size xlarge upwards",2,,,OHCTLANCASHIRE--26; OHCTTLANCASHIRE--26
T234,Zips,Trim,Zip,ZIP,"Optilon 6"" nylon white chunckier design zip",2,,,OHCTDURHAM--26; OHCTTDURHAM--26
T235,Zips,Trim,Zip,ZIP,"Black mediumweight spiral zip. size 26"" to 28"" to be 5"" (13cm)zip - sizes 30"" to 36"" to be 6"" (15cm)zip.",1,,,OHCTTLINCOLN--03
T236,Zips,Trim,Zip,ZIP,"Optilon 6"" nylon black chunckier design zip",1,,,OHCTTDURHAM--03
T237,Zips,Trim,Zip,ZIP,"Optilon 6"" nylon black moulded zip",1,,,OHCTDURHAM--03
T238,Zips,Trim,Zip ykk black tape black metal teeth,Zip YKK black tape black metal teeth,Zip ygrkc/36/5/13 black metal teeth sizes 6 - 16 zip ygrkc/36/6/15.5 black metal teeth size 18 - 24,1,,,OHLCTSHROPSHIRE--03
T239,Velcro,Trim,Black velcro 20mm hook and loop cut 4cm,Black velcro 20mm hook and loop cut 4cm,Hook velcro set centrally within width of pocket and level with top edge loop velcro set to underside flap. set to cut flap centrally to width and 2cm from lower edge of flap.,2,,,OHCTLANCASHIRE--03; OHCTTLANCASHIRE--03
T240,Velcro,Trim,Velcro,Velcro,"Black 16 mm — cut at length 6 cm, hook and loop",3,,,TI004109; TI005109; TI006109
T241,Velcro,Trim,Velcro,Velcro,Black — hook and loop 16 mm: 16 mm width cut at 6 cm loop / 16 mm width cut at 10 cm hook,3,,,OHHTM016003; OHHTM016015; OHHTM0160248
T242,Velcro,Trim,Velcro,Velcro,White — hook and loop 16 mm: 16 mm width cut at 6 cm loop / 16 mm width cut at 10 cm hook,1,,,OHHTM016001
T243,Velcro,Trim,White velcro 20mm hook and loop cut 4cm,White velcro 20mm hook and loop cut 4cm,Hook velcro set centrally within width of pocket and level with top edge loop velcro set to underside flap. set to cut flap centrally to width and 2cm from lower edge of flap.,2,,,OHCTLANCASHIRE--26; OHCTTLANCASHIRE--26
T244,Elastic,Trim,Bonidex elastic,Bonidex elastic,Black elastic 48mm,1,,,OHLCTSHROPSHIRE--03
T245,Elastic,Trim,Elastic 48mm elastic black,Elastic 48mm elastic black,"Cut elastic XXS - 18"" XS - 22"" small - 24"" medium - 28"" large - 31"" xlarge 33"" - XXL 35"" 46"" cut at 36"" 48"" cut at 38"" 50"" cut at 40"" 52"" cut at 42""",2,,,OHCTLANCASHIRE--03; OHCTTLANCASHIRE--03
T246,Elastic,Trim,Elastic 48mm elastic white,Elastic 48mm elastic white,"Cut elastic XXS - 18"" XS - 22"" small - 24"" medium - 28"" large - 31"" xlarge 33"" - XXL 35"" 46"" cut at 36"" 48"" cut at 38"" 50"" cut at 40"" 52"" cut at 42""",2,,,OHCTLANCASHIRE--26; OHCTTLANCASHIRE--26
T247,Elastic,Trim,Elastic white 25mm,Elastic white 25mm,SET TO BACK WAIST. CUT size 6 at 9CM 8 at 9.5cm. 10 at 10cm. 12 at 10.5cm 14 at 11cm. 16 at 11.5cm 18 at 12cm 20 at 12.5cm,1,,,OHLCTSURREY--03
T248,Ties & straps,Trim,OH logo non-tangle tape ties — black,TIES,"Oliver Harvey Black non tangle tape / To read ""Oliver Harvey"" the right way up on both side.",9,,,OHAP052003; OHAP052015; OHAP0520248; OHAP052082; OHAPP052003; OHAPP052015; OHAPP0520248; OHAPP052082; OHAPP052083
T249,Ties & straps,Trim,OH logo non-tangle tape ties — black,OH non tangle ties,OH black non tangle ties cut at 100cm. heat sealed at ends.,5,,,OHAP300503PCL; OHAP300505; OHAP300515L; OHAP300583; OHAPP300503PCL
T250,Ties & straps,Trim,OH logo non-tangle tape ties — black,TIES,"Black oliver harvey printed non tangle tape ties / To read ""oliver harvey "" from left to right on both sides of the apron",5,,,OHAP352803RS; OHAP352803VARI; OHAP3528248; OHAP352847; OHAP352882
T251,Ties & straps,Trim,OH logo non-tangle tape ties — black,OH non tangle tape cut at 100cm,Black oliver harvey non tangle tape for waist ties. ensure woridng correct way up.,4,,,OHAPP0535241; OHAPP053583; OHAPP053515; OHAPP0535222
T252,Ties & straps,Trim,OH logo non-tangle tape ties — black,OH non tangle ties black,Oliver harvey non tangle ties. cut 100 cm. heat sealed at ends. ensure oliver harvey wording reads correct way up.,4,,,OHAPP352803; OHAPP3528248; OHAPP352831; OHAPP352883
T253,Ties & straps,Trim,OH logo non-tangle tape ties — black,OH non tangle ties black,Oliver harvey non tangle ties. cut 99cm. ensure oliver harvey wording reads correct way up.,3,,,OHAP352803PC; OHAP352815; OHAP352883
T254,Ties & straps,Trim,OH logo non-tangle tape ties — black,TIES,Black Oliver Harvey logo'd tape - Oliver Harvey to read from right the left.,3,,,OHAPP053431; OHAPP0534GD; OHAPP0534BUTCHERS
T255,Ties & straps,Trim,OH logo non-tangle tape ties — black,TIES,"Oliver harvey black non tangle tape / To read ""oliver harvey"" from left to right on both sides of the apron",3,,,OHAPP300503; OHAPP300515; OHAPP3005248
T256,Ties & straps,Trim,OH logo non-tangle tape ties — black,OH non tangle ties black,Oliver harvey non tangle ties. cut 100cm. heat sealed at ends. ensure oliver harvey wording reads correct way up.,2,,,OHAPP352815; OHAPP352882
T257,Ties & straps,Trim,OH logo non-tangle tape ties — black,OH waist ties,Black Oliver Harvey logo'd tape - Oliver Harvey to read from LEFT TO RIGHT cut at 100cm.,2,,,OHAPP053403DEN; OHAPP0534224DEN
T258,Ties & straps,Trim,OH logo non-tangle tape ties — black,OH non tangle ties,OH black non tangle ties,1,,,OHAP300503PC
T259,Ties & straps,Trim,OH logo non-tangle tape ties — black,OH non tangle ties,OH black non tangle ties. cut at 100cm heat sealed at ends.,1,,,OHAP3005248L
T260,Ties & straps,Trim,OH logo non-tangle tape ties — black,OH non tangle ties,Oliver harvey black non tangle ties. ensure oliver harvey wording reads correct way up.,1,,,OHAPP0569GD
T261,Ties & straps,Trim,OH logo non-tangle tape ties — black,TIES,OLIVER HARVEY Black Non tangle tape,1,,,OHAP052031
T262,Ties & straps,Trim,OH logo non-tangle tape ties — black,TIES,"OLIVER HARVEY NON TANGLE TAPE - BLACK - ENSURE OH wording reads correct way up- cut at 39"" double hemmed at end.",1,,,OHAPP0534DENIM
T263,Ties & straps,Trim,OH logo non-tangle tape ties — white,OH non tangle ties,OH white non tangle ties,2,,,OHAP300501C; OHAP300501PC
T264,Ties & straps,Trim,OH logo non-tangle tape ties — white,OH non tangle ties white,Oliver harvey non tangle ties. cut 99cm. ensure oliver harvey wording reads correct way up.,2,,,OHAP352801C; OHAP352801PC
T265,Ties & straps,Trim,OH logo non-tangle tape ties — white,TIES,White Oliver Harvey logo'd tape - Oliver Harvey to read from right the left.,2,,,OHAPP0534DAISEYDOT; OHAPP0534STRIPE
T266,Ties & straps,Trim,OH logo non-tangle tape ties — white,OH non tangle ties white,Oliver harvey non tangle ties. cut 100cm. heat sealed at ends. ensure oliver harvey wording reads correct way up.,1,,,OHAPP352801C
T267,Ties & straps,Trim,OH logo non-tangle tape ties — white,TIES,Oliver harvey black or white non tangle tape / USE HALF OF TAPE FOR APRONS 2/3 YRS TO 6/7 YEARS - 50cm For sizes 8/9 years upwards use full length OH tie cut at 99cm,1,,,OHKIDSBIB--
T268,Ties & straps,Trim,Oliver havey waist ties black,Oliver havey waist ties black,Set into top of side seam. ensure writing correct way up,1,,,OHAPP0535241SHT5
T269,Ties & straps,Trim,Plain black non-tangle tape ties,Black plain non tangle ties,Non tangle ties. cut 100 cm. heat sealed at ends.,1,,,OHAPP352883S
T270,Ties & straps,Trim,Plain black non-tangle tape ties,Non tangle plain waist ties black,Black plain non tangle ties. cut 100cm. heat sealed at ends.,1,,,OHAPP3528248S
T271,Ties & straps,Trim,Plain black non-tangle tape ties,OH non tangle ties,Plain black non tangle ties,1,,,OHAP300503PCS
T272,Ties & straps,Trim,Plain black non-tangle tape ties,Plain black non tangle tape cut at 100cm,Black non tangle tape for waist ties.,1,,,OHAPP053515S
T273,Ties & straps,Trim,Plain black non-tangle tape ties,Plain black non tangle ties black,Plain black non tangle ties for waist. cut 100cm.,1,,,OHAP3528248S
T274,Ties & straps,Trim,Plain black non-tangle tape ties,TIES,Plain BLACK Apron tape ties,1,,,OHAP052031S
T275,Towel loops,Trim,OH logo non-tangle tape — black (towel loop),TOWEL LOOP,Cut 39cm. Black Oliver Harvey logo'd tape - Oliver Harvey to read from top to bottom,29,,,OHTAB921; OHTAB01; OHTAB03; OHTAB04; OHTAB06; OHTAB11; OHTAB14; OHTAB15; OHTAB24; OHTAB82; OHTAB83; OHTAB131; OHTAB286; OHSTRAP--WAIST; OHAPP053503DENDS; OHAPP053503DSSHT; OHAPP0535110DS; OHAPP0535110DSSHT; OHAPP053515DS; OHAPP0535224DENDS; OHAPP0535224DENDSSHT; OHAPP0535241DS; OHAPP0535241DSSHT; OHAPP0535315DSSHT; OHAPP0535GDDS; OHAPP0535GDDSSHT; OHSTRAP04; OHSTRAP--SHT; OHSTRAP--
T276,Towel loops,Trim,OH logo non-tangle tape — black (towel loop),OH towel loop black,Cut at 54cm. set so oliver harvey letters read down. set 15cm in from finished edge of left side seam as worn.,9,,,OHAP352803PC; OHAP352815; OHAP352883; OHAPP352803; OHAPP352815; OHAPP3528248; OHAPP352831; OHAPP352882; OHAPP352883
T277,Towel loops,Trim,OH logo non-tangle tape — black (towel loop),TOWEL LOOP,"Black Oliver Harvey to read from top to bottom - Cut 15"" / Set to left side as worn into armhole stitching 17cm from side seam cut edge",9,,,OHAP052003; OHAP052015; OHAP0520248; OHAP052082; OHAPP052003; OHAPP052015; OHAPP0520248; OHAPP052082; OHAPP052083
T278,Towel loops,Trim,OH logo non-tangle tape — black (towel loop),OH towel loop,OH black non tangle tape cut at 39cm to make towel loop,6,,,OHAP300503PC; OHAP300503PCL; OHAP300505; OHAP300515L; OHAP3005248L; OHAPP300503PCL
T279,Towel loops,Trim,OH logo non-tangle tape — black (towel loop),OH towel loop,"Black OH Towel loop cut 39cm (15 1/2"") Set into armhole turning. Set 7.5cm in from cut edge of left side seam as worn.",4,,,OHAPP0535241; OHAPP053583; OHAPP053515; OHAPP0535222
T280,Towel loops,Trim,OH logo non-tangle tape — black (towel loop),TOWEL LOOP,Black Oliver Harvey logo'd tape - Oliver Harvey to read from top to bottom,3,,,OHAPP053431; OHAPP0534GD; OHAPP0534BUTCHERS
T281,Towel loops,Trim,OH logo non-tangle tape — black (towel loop),TOWEL LOOP,"Black oliver harvey non tangle tape to read from top to bottom - cut 15""",3,,,OHAPP300503; OHAPP300515; OHAPP3005248
T282,Towel loops,Trim,OH logo non-tangle tape — black (towel loop),TOWEL LOOP,Black Oliver Harvey logo'd tape - Oliver Harvey to read from top to bottom cut at 38cm. Set to left armhole as worn.,2,,,OHAPP053403DEN; OHAPP0534224DEN
T283,Towel loops,Trim,OH logo non-tangle tape — black (towel loop),TOWEL LOOP,"Black oliver harvey to read from top to bottom - cut 17""",2,,,OHAP352803VARI; OHAP352847
T284,Towel loops,Trim,OH logo non-tangle tape — black (towel loop),TOWEL LOOP,Black oliver harvey to read from top to bottom - cut 54cm,2,,,OHAP352803RS; OHAP3528248
T285,Towel loops,Trim,OH logo non-tangle tape — black (towel loop),OH towel loop,OH black non tangle tape cut at 39cm to make towel loop - ensure 2 x oliver harvey logo per loop,1,,,OHAP300583
T286,Towel loops,Trim,OH logo non-tangle tape — black (towel loop),OH towel loop,"Oliver harvey black non tangle tape. cut at 38cm (15"") set into left armhole as worn. set 7.5cm from cut edge side seam. ensure oliver harvey wording reads correct way up when you look at garment. oliver harvey to read down.",1,,,OHAPP0569GD
T287,Towel loops,Trim,OH logo non-tangle tape — black (towel loop),TOWEL LOOP,Black oliver harvey to read from top to bottom - cut 54cm / Wash label - 60 degree - 65% 35%,1,,,OHAP352882
T288,Towel loops,Trim,OH logo non-tangle tape — black (towel loop),TOWEL LOOP,OLIVER HARVEY Black non tangle tape cut 39cm. / Set to left side as worn into armhole stitching 17cm from side seam cut edge,1,,,OHAP052031
T289,Towel loops,Trim,OH logo non-tangle tape — black (towel loop),TOWEL LOOP,Oliver harvey non tangle tape - cut at 39cm - black . OH wording to read down.,1,,,OHAPP0534DENIM
T290,Towel loops,Trim,OH logo non-tangle tape — black (towel loop),Towel loop OH black,Oliver harvey towel loop cut 39cm,1,,,OHAPP0535241SHT5
T291,Towel loops,Trim,OH logo non-tangle tape — white (towel loop),OH towel loop white,Cut at 54cm. set so oliver harvey letters read down. set 15cm in from finished edge of left side seam as worn.,3,,,OHAP352801C; OHAP352801PC; OHAPP352801C
T292,Towel loops,Trim,OH logo non-tangle tape — white (towel loop),OH towel loop,OH white non tangle tape cut at 39cm to make towel loop,2,,,OHAP300501C; OHAP300501PC
T293,Towel loops,Trim,OH logo non-tangle tape — white (towel loop),TOWEL LOOP,White Oliver Harvey logo'd tape - Oliver Harvey to read from top to bottom,2,,,OHAPP0534DAISEYDOT; OHAPP0534STRIPE
T294,Towel loops,Trim,Plain black non-tangle tape (towel loop),OH towel loop,Plain black non tangle tape cut at 39cm to make towel loop,1,,,OHAP300503PCS
T295,Towel loops,Trim,Plain black non-tangle tape (towel loop),Plain black non tangle tape for towel loop,Cut at 54cm. set 15cm in from finished edge of left side seam as worn.,1,,,OHAP3528248S
T296,Towel loops,Trim,Plain black non-tangle tape (towel loop),Plain black towel loop,"Black Towel loop cut 39cm (15 1/2"") Set into armhole turning. Set 7.5cm in from cut edge of left side seam as worn.",1,,,OHAPP053515S
T297,Towel loops,Trim,Plain black non-tangle tape (towel loop),TOWEL LOOP,"Plain black apron tape cut 15"" / Set to left side as worn into armhole stitching 17cm from side seam cut edge",1,,,OHAP052031S
T298,Towel loops,Trim,Plain black non-tangle tape (towel loop),Towel loop black plain non tangle tape,Cut at 54cm. set 15cm in from finished edge of left side seam as worn.,1,,,OHAPP352883S
T299,Towel loops,Trim,Plain black non-tangle tape (towel loop),Towel loop plain black,Cut at 54cm. set 15cm in from finished edge of left side seam as worn.,1,,,OHAPP3528248S
T300,Cords & toggles,Trim,Cord,CORD,"6mm thick black cord for waist. cut cord XXS - 48"" XS - 52"" small 56"" medium 60"" large 64"" xlarge 68"" XXL 72"" size 46"" cut cord - 74"" size 48"" - 76"" size 50"" - 78"" size 52"" - 80""",2,,,OHCTLANCASHIRE--03; OHCTTLANCASHIRE--03
T301,Cords & toggles,Trim,Cord,CORD,"6mm thick white cord for waist. cut cord XXS - 48"" XS - 52"" small 56"" medium 60"" large 64"" xlarge 68"" XXL 72"" size 46"" cut cord - 74"" size 48"" - 76"" size 50"" - 78"" size 52"" - 80""",2,,,OHCTLANCASHIRE--26; OHCTTLANCASHIRE--26
T302,Cords & toggles,Trim,Cord ends,CORD ENDS,Black plastic cord ends- from newlace,2,,,OHCTLANCASHIRE--03; OHCTTLANCASHIRE--03
T303,Cords & toggles,Trim,Cord ends,CORD ENDS,White plastic cord ends- from newlace,2,,,OHCTLANCASHIRE--26; OHCTTLANCASHIRE--26
T304,Cords & toggles,Trim,Toggles,TOGGLES,Round black toggles from newlace,2,,,OHCTLANCASHIRE--03; OHCTTLANCASHIRE--03
T305,Cords & toggles,Trim,Toggles,TOGGLES,Round white toggles from newlace,2,,,OHCTLANCASHIRE--26; OHCTTLANCASHIRE--26
T306,Ribbons & tapes,Trim,Back neck,Back neck,Oliver Harvey back neck ribbon,1,,,OHCJMOXFORD--01
T307,Ribbons & tapes,Trim,Back neck,Back neck,Oliver Harvey back neck ribbon (black),1,,,OHCJMOXFORD--03
T308,Ribbons & tapes,Trim,Back neck insert ribbon,Back neck insert ribbon,White - Made in great britain in grey script,4,,,OHCJMDEVON--01; OHCJSMDEVON--01; OHCJMDORSET--01; OHCJSMDORSET--01L
T309,Ribbons & tapes,Trim,Back neck insert ribbon,Back neck insert ribbon,Black - Made in great britain in white script,2,,,OHCJMDEVON--03; OHCJSMDEVON--03
T310,Ribbons & tapes,Trim,Back neck ribbon,Back neck ribbon,White - made in great britain in grey script,4,,,OHCJMDORSET--01LS; OHCJMDORSET--01L; OHCJSMDORSET--01; OHCJSMDORSET--01S
T311,Ribbons & tapes,Trim,Back-neck insert ribbon,Back-neck insert ribbon,"White — ""Made in Great Britain"" in grey script",4,,,OHCJSMCHESHIRE--01; OHCJMCHESHIRE--01; OHCJMCHESHIRE--01L; OHCJSMCHESHIRE--01L
T312,Ribbons & tapes,Trim,Back-neck insert ribbon,Back-neck insert ribbon,"Black — ""Made in Great Britain"" in white script",2,,,OHCJMCHESHIRE--03; OHCJSMCHESHIRE--03
T313,Ribbons & tapes,Trim,Black hanger tape,Black hanger tape,Black knitted tape for hanger loop set to base of bib facing cut at 8cm,12,,,OHAPP053503DENDS; OHAPP053503DSSHT; OHAPP0535110DS; OHAPP0535110DSSHT; OHAPP053515DS; OHAPP0535224DENDS; OHAPP0535224DENDSSHT; OHAPP0535241DS; OHAPP0535241DSSHT; OHAPP0535315DSSHT; OHAPP0535GDDS; OHAPP0535GDDSSHT
T314,Ribbons & tapes,Trim,Made in great britain oh tape black,Made in great britain OH tape black,Black OH tape set to lower edge of front band.,1,,,OHLCTSHROPSHIRE--03
T315,Ribbons & tapes,Trim,Made in great britain tape - black,Made in Great Britain tape - black,Made in Great Britain tape set to lower edge of BACK waistband,1,,,OHLCTSURREY--03
T316,Ribbons & tapes,Trim,Made in great britain trim - black,Made in great britain trim - black,Black - made in great britain - trim set to lower edge of bib facing,4,,,OHAPP065103; OHAPP065115; OHAPP0651248; OHAPP065183
T317,Ribbons & tapes,Trim,Oh back neck ribbon,OH back neck ribbon,White OH ribbon set to back neck,1,,,OHBABYCHEFJKT
T318,Ribbons & tapes,Trim,Oh made in great britain,OH made in great britain,Set to lower edge of collar from facing to facing.,4,,,OHCJSSUFFOLK--01L; OHCJSSUFFOLK--01S; OHCJSUFFOLK--01; OHCJSUFFOLK--03
T319,Ribbons & tapes,Trim,Oh made in great britain,OH made in great britain,SET TO lower edge of collar. From facing to facing.,1,,,OHCJNORFOLK--01
T320,Ribbons & tapes,Trim,Oh made in great britain,OH made in great britain,Set to neck edge of collar from facing to facing.,1,,,OHCJSNORFOLK--01
T321,Ribbons & tapes,Trim,Oh made in great britain - black,OH made in great britain - black,Set to lower edge of collar from facing to facing.,2,,,OHCJSSUFFOLK--03; OHCJSSUFFOLK--03L
T322,Ribbons & tapes,Trim,Oh made in great britain white,OH made in great britain white,Set to lower edge of collar from facing to facing.,1,,,OHCJSSUFFOLK--01
T323,Ribbons & tapes,Trim,Oh neck tape,OH neck tape,White — set to back neck,1,,,OHCJSMOXFORDNLL--01
T324,Ribbons & tapes,Trim,Oh neck tape,OH neck tape,White — set to inside neck edge,1,,,OHCJSMOXFORD--01L
T325,Ribbons & tapes,Trim,Oliver harvey made in britain tape,Oliver harvey made in britain tape,White - set to back neck. (from shoulder to shoulder seam),2,,,OHLCJHAMPSHIRE--01; OHLCJSHAMPSHIRE--01
T326,Ribbons & tapes,Trim,Oliver harvey made in britain tape,Oliver harvey made in britain tape,Black - set to back neck. (from shoulder to shoulder seam),1,,,OHLCJSHAMPSHIRE--03
T327,Ribbons & tapes,Trim,Oliver harvey made in england tape,Oliver harvey made in england tape,White - set to back neck. (from shoulder to shoulder seam),5,,,OHCJSBEDFORD--01; OHCJMSTRATFORD--01; OHCJMSTRATFORD--01S; OHCJSMSTRATFORD--01; OHCJSMSTRATFORD--01S
T328,Ribbons & tapes,Trim,Oliver harvey made in england tape,Oliver harvey made in england tape,Black - set to back neck. (from shoulder to shoulder seam),1,,,OHCJSMSTRATFORD--03
T329,Ribbons & tapes,Trim,Oliver harvey neck ribbon,Oliver harvey neck ribbon,Oliver harvey neck ribbon - white,3,,,OHLCJDERBYSHIRE--01; OHLCJSDERBYSHIRE--01; OHLCJSDERBYSHIRE--01S
T330,Ribbons & tapes,Trim,Oliver harvey neck ribbon,Oliver harvey neck ribbon,Oliver harvey neck ribbon - black,2,,,OHLCJDERBYSHIRE--03; OHLCJSDERBYSHIRE--03
T331,Tax tabs,Trim,OH size tax tab,LABEL,Oliver Harvey woven label centre back neck / Size tax tab under the woven label centre back neck / Oliver Harvey swing label centre back neck / White Oliver Harvey back neck ribbon insert / Wash instruction placed inside side seam right hand side as worn 12cm up from finished hem. / Identification label placed under wash instruction. / 65% recycled polyester 35% organic cotton 60 degree wash/ 2 dot iron/low tumble dry/p dry clean/do not bleach,1,,,OHCJSCUMBRIA--01S
T332,Tax tabs,Trim,OH size tax tab,OH woven label,Oliver Harvey woven label centre back neck / Size tax tab under the woven label centre back neck / Oliver Harvey swing label centre back neck / White Oliver Harvey back neck ribbon insert,1,,,OHCJSCUMBRIA--01
T333,Tax tabs,Trim,Red OH tax tab,Red OH tax tab,Oliver harvey red tab - set to left pocket as worn. set to top left hand corner of pocket and level with top of pocket.,17,,,OHAPP0535241; OHAPP053583; OHAPP053503DENDS; OHAPP053503DSSHT; OHAPP0535110DS; OHAPP0535110DSSHT; OHAPP053515; OHAPP053515DS; OHAPP053515S; OHAPP0535222; OHAPP0535224DENDS; OHAPP0535224DENDSSHT; OHAPP0535241DS; OHAPP0535241DSSHT; OHAPP0535315DSSHT; OHAPP0535GDDS; OHAPP0535GDDSSHT
T334,Tax tabs,Trim,Red OH tax tab,OH red tax tab,Set to base of pen pocket to back side of pen pocket,8,,,OHCJNORFOLK--01; OHCJSNORFOLK--01; OHCJSSUFFOLK--01; OHCJSSUFFOLK--01L; OHCJSSUFFOLK--03; OHCJSSUFFOLK--03L; OHCJSUFFOLK--01; OHCJSUFFOLK--03
T335,Tax tabs,Trim,Red OH tax tab,Oliver harvey tax tab,Set to side of wide pocket left side as worn. set level with top edge.,8,,,OHAPP078601; OHAPP078603; OHAPP078606; OHAPP078615; OHAPP0786153; OHAPP0786248; OHAPP078682; OHAPP078683
T336,Tax tabs,Trim,Red OH tax tab,Red OH tax tab,Set to bottom of back edge of pen pocket.,7,,,OHCJMSTRATFORD--01; OHCJSMSTRATFORD--03; OHCJSMSTRATFORD--01; OHCJSMSTRATFORD--01S; OHLCJHAMPSHIRE--01; OHLCJSHAMPSHIRE--01; OHLCJSHAMPSHIRE--03
T337,Tax tabs,Trim,Red OH tax tab,Oliver harvey red tax tab,Set to left side of pen pocket as worn. set level with top edge.,6,,,OHAPP057215DEN; OHAPP0572224DEN; OHAPP0572F224DEN; OHAPP0573224; OHAPP0574224RR; OHAPP0575224ST
T338,Tax tabs,Trim,Red OH tax tab,Oliver harvey tax tab,Set to side of left pocket as worn. set level with top edge.,5,,,OHAPP063014HP2; OHAPP0630242KP; OHAPP0630681KP; OHAPP0630682KP; OHAPP063068HP2
T339,Tax tabs,Trim,Red OH tax tab,OH tax tab,"Inserted into top edge of fixed part of Velcro tab (RSAW) — end in line with end of tab, label reads horizontal",4,,,OHHTM016001; OHHTM016003; OHHTM016015; OHHTM0160248
T340,Tax tabs,Trim,Red OH tax tab,OH TAX TAB,Set to right back pocket as worn. set to outside edge of pocket with base of tax tab level with mitre of pocket .,4,,,OHCTLANCASHIRE--03; OHCTLANCASHIRE--26; OHCTTLANCASHIRE--03; OHCTTLANCASHIRE--26
T341,Tax tabs,Trim,Red OH tax tab,Oliver harvey red tax tab,Set to left side of left hip pocket as worn. set level with top edge.,4,,,OHAPP059703DEN153; OHAPP0597224DEN; OHAPP0597F03DEN153; OHAPP0597F224DEN
T342,Tax tabs,Trim,Red OH tax tab,Oliver harvey tax tab,Oliver harvey red tax tab - set to lower edge of pen pocket. back side.,4,,,OHLCJDERBYSHIRE--01; OHLCJDERBYSHIRE--03; OHLCJSDERBYSHIRE--01; OHLCJSDERBYSHIRE--03
T343,Tax tabs,Trim,Red OH tax tab,Red OH tax tab,OH red tax label - set level with top of pocket. left side of pocket as worn.,4,,,OHAPP065203; OHAPP065215; OHAPP0652248; OHAPP065283
T344,Tax tabs,Trim,Red OH tax tab,Labels,Oliver harvey woven label back neck / Wash instruction - — 50% polyester 50% cotton - Mesh 100% polyester / 65 degree wash - No bleach - low tumble dry - two dot iron - P dry clean / Right hand side inde side seam / Label for garment name and manufacturing month and year only - behind wash label in side seam / RED TAX TAB - bottom right hand corner of the pen pocket,3,,,OHCJMDEVON--01; OHCJMDEVON--03; OHCJSMDEVON--01
T345,Tax tabs,Trim,Red OH tax tab,OH TAX TAB,Set into top edge of left side of pocket as worn.,3,,,OHAPP065103; OHAPP065115; OHAPP065183
T346,Tax tabs,Trim,Red OH tax tab,OHTAX TAB,SET TO TOP OF LEFT SIDE (outside edge) OF LEFT POCKET AS WORN.,3,,,OHAPP0634911; OHAPP0634912; OHAPP0634913
T347,Tax tabs,Trim,Red OH tax tab,Oliver harvey red tax tab,Set to outside edge of pen pocket. label set level with top of pocket.,3,,,OHAPP0590128; OHAPP0590156; OHAPP0590375
T348,Tax tabs,Trim,Red OH tax tab,Oliver harvey red tax tab,Set to side of left pocket as worn. set level with top edge.,3,,,OHAPP0598224DEN; OHAPP0599GD; OHAPP060003153DEN
T349,Tax tabs,Trim,Red OH tax tab,OH TAX TAB,Oliver Harvey RED TAB - LHSAW - top corner of the centre front pocket - Level with the top of the pocket,2,,,OHAPP053403DEN; OHAPP0534224DEN
T350,Tax tabs,Trim,Red OH tax tab,Oliver harvey red tax tab,Set to left side of pocket as worn. set level with top edge.,2,,,OHAPP0596FGD; OHAPP0596GD
T351,Tax tabs,Trim,Red OH tax tab,Oliver harvey tax tab,Set tax tab level with top of the side seam of the kangaroo pocket. left side as worn.,2,,,OHAPP063015KPLN; OHAPP063082KPLN
T352,Tax tabs,Trim,Red OH tax tab,Oliver harvey tax tab,Set to left side of pocket as worn. set label level with top of pocket.,2,,,OHAPP061203DEN; OHAPP0612GD
T353,Tax tabs,Trim,Red OH tax tab,Labels,Oliver harvey woven label back neck / Wash instruction - — 50% polyester 50% cotton - Mesh 100% polyester / 65 degree wash - No bleach - low tumble dry - two dot iron - P dry clean / Right hand side inside seam / Label for garment name and manufacturing month and year only - behind wash label in side seam / RED TAX TAB - bottom right hand corner of the pen pocket,1,,,OHCJSMDEVON--03
T354,Tax tabs,Trim,Red OH tax tab,OH TAX TAB,Set 7.5cm cm up from cut hem left side seam as worn.(to be 6cm from finished hem),1,,,OHCJSBEDFORD--01
T355,Tax tabs,Trim,Red OH tax tab,OH tax tab,"Set to back side of pen pocket, level with bottom edge",1,,,OHBABYCHEFJKT
T356,Tax tabs,Trim,Red OH tax tab,OH Tax tab,Set to base of pen pocket,1,,,OHCJSMDORSET--01S
T357,Tax tabs,Trim,Red OH tax tab,OH TAX TAB,Set to base of pen pocket.,1,,,OHCJMDORSET--01LS
T358,Tax tabs,Trim,Red OH tax tab,OH tax tab,Set to bottom of back side of pen pocket,1,,,OHCJSMOXFORD--01L
T359,Tax tabs,Trim,Red OH tax tab,OH tax tab,Set to left side of pen pocket,1,,,OHCJSMOXFORDNLL--01
T360,Tax tabs,Trim,Red OH tax tab,OH TAX TAB,Set to top of left pocket as worn.,1,,,OHAPP0535241SHT5
T361,Tax tabs,Trim,Red OH tax tab,Oliver harvey red tax tab,"Set into topstitched edge of neck strap. set to finish 1cm up from finished bib and to outside edge of strap,",1,,,OHAP0566PUTTY
T362,Tax tabs,Trim,Red OH tax tab,Red OH tax tab,Set into top edge of left side of pocket as worn.,1,,,OHAPP0651248
T363,Tax tabs,Trim,Red OH tax tab,TAX TAB,Oliver harvey tax tab set to level with top edge of left side of pocket as worn.,1,,,OHAPP300503PCL
T364,Tax tabs,Trim,Red OH tax tab,TAX TAB,Oliver harvey tax tab set to level with top edge of left side of pocket as worn. / Oliver harvey wash instructions set under OH woven label right side seam as worn / Wash - 65% recycled polyester/35% bcicotton/60 degree wash / tumble dry/ 2 dot iron/do not bleach / p dry clean,1,,,OHAPP300515
T365,Tax tabs,Trim,Red OH tax tab,TAX TAB,Oliver harvey tax tab set to level with top edge of left side of pocket as worn. / Oliver harvey wash instructions set under OH woven label right side seam as worn / Wash - 65% recycled polyester/35% organic cotton/60 degree wash / low tumble dry/ 2 dot iron/do not bleach / p dry clean,1,,,OHAPP300503
T366,Tax tabs,Trim,Red OH tax tab,TAX TAB,Oliver harvey tax tab set to level with top edge of left side of pocket as worn. / Oliver harvey wash instructions set under OH woven label right side seam as worn / Wash - 65% recycled polyester/35% organic cotton/60 degree wash / tumble dry/ 2 dot iron/do not bleach / p dry clean,1,,,OHAPP3005248
T367,Tax tabs,Spec note,,Tax tab location,Red tax tab — bottom right-hand corner of pen pocket,6,,,OHCJSMCHESHIRE--01; OHCJMCHESHIRE--01; OHCJMCHESHIRE--01L; OHCJMCHESHIRE--03; OHCJSMCHESHIRE--01L; OHCJSMCHESHIRE--03
T368,Tax tabs,Spec note,,BRANDED,Oliver harvey neck ribbon / Oliver harvey red tax tab - LHSAW side seam 10cm up from finished bottom hem / Above the side seam split,4,,,OHLCJSYORK--01; OHLCJSYORK--03; OHLCJYORK--01; OHLCJYORK--03
T369,Labels & branding,Trim,Buttons,Buttons,Squashed detachable buttons — kimble the packet of buttons to the woven label,2,,,OHCJMOXFORD--01L; OHCJMOXFORD--03L
T370,Labels & branding,Trim,Label,LABEL,Oliver Harvey woven label -set into right side seam 4cm down from top edge. / Oliver Harvey wash instructions under the woven label / 100% cotton - 50 degree wash - No bleach - 2 dot iron - No tumble dry - Dry clean,6,,,OHAPP053503DENDS; OHAPP053503DSSHT; OHAPP0535224DENDS; OHAPP0535224DENDSSHT; OHAPP0535GDDS; OHAPP0535GDDSSHT
T371,Labels & branding,Trim,Label,LABEL,"Oliver Harvey british woven label set into right side sesam as worn, set 4cm down from finished top edge / of side seam / Oliver Harvey wash instructions under woven label in bib / Wash - 60 o 65% recycled polyester 35% organic cotton",4,,,OHAP052003; OHAP052015; OHAP0520248; OHAPP0520248
T372,Labels & branding,Trim,Label,LABEL,Oliver harvey woven label back neck,4,,,OHLCJSYORK--01; OHLCJSYORK--03; OHLCJYORK--01; OHLCJYORK--03
T373,Labels & branding,Trim,Label,LABEL,Oliver harvey woven label - RHSAW inside side seam under the tie. / Oliver harvey wash instructions under the woven label / 60 degree wash - No bleach - 2 dot iron - Tumble dry - Dry clean / Oliver Harvey RED TAB - LHSAW top corner of the centre front pocket - Level with the top of the pocket,2,,,OHAPP053431; OHAPP0534BUTCHERS
T374,Labels & branding,Trim,Label,LABEL,Oliver Harvey woven label -set into right side seam 4cm down from top edge. / Oliver Harvey wash instructions under the woven label / 100% ORGANIC COTTON - 40 degree wash - No bleach - 2 dot iron - Low tumble dry - Dry clean,2,,,OHAPP0535110DS; OHAPP0535241DS
T375,Labels & branding,Trim,Label,LABEL,Oliver harvey woven label set to lower edge of waistband at centre back,2,,,OHCTLINCOLN--03; OHCTTLINCOLN--03
T376,Labels & branding,Trim,Label,LABEL,Wash instructions underneth the woven label / NO RED FLASH,2,,,OHCTDURHAM--26; OHCTTDURHAM--26
T377,Labels & branding,Trim,Label,LABEL,65% polyester 35% cotton - 60 degree wash set 5cm down from top cut edge of right side seam as worn.,1,,,OHAP352847
T378,Labels & branding,Trim,Label,LABEL,"Oliver Harvey British woven label set into right side seam as worn, set 4cm down from finished top edge / of side seam / Oliver Harvey wash instructions under woven label in bib / WASH - 60 o 100% cotton",1,,,OHAP052031S
T379,Labels & branding,Trim,Label,LABEL,"Oliver Harvey British woven label set into right side seam as worn, set 4cm down from finished top edge of side seam.",1,,,OHAP052031
T380,Labels & branding,Trim,Label,LABEL,"Oliver Harvey british woven label set into right side sesam as worn, set 4cm down from finished top edge / of side seam / Oliver Harvey wash instructions under woven label in bib / WASH - 60 o 65% 35% poly cotton",1,,,OHAPP052015
T381,Labels & branding,Trim,Label,LABEL,"Oliver Harvey british woven label set into right side sesam as worn, set 4cm down from finished top edge / of side seam / Oliver Harvey wash instructions under woven label in bib / WASH - 60 o 65% reccycled polyester 35% organic cotton",1,,,OHAPP052082
T382,Labels & branding,Trim,Label,LABEL,"Oliver Harvey british woven label set into right side sesam as worn, set 4cm down from finished top edge / of side seam / Oliver Harvey wash instructions under woven label in bib / WASH - 60 o 65%Recyled polyester 35% organic cotton",1,,,OHAP052082
T383,Labels & branding,Trim,Label,LABEL,"Oliver Harvey british woven label set into right side sesam as worn, set 4cm down from finished top edge / of side seam / Oliver Harvey wash instructions under woven label in bib / Wash - 60degree/ 2 dot iron/tumble dry low/no bleach/p dry clean 65% recycled polyesert 35% organic cotton",1,,,OHAPP052083
T384,Labels & branding,Trim,Label,LABEL,"Oliver Harvey british woven label set into right side sesam as worn, set 4cm down from finished top edge / of side seam / Oliver Harvey wash instructions under woven label in bib / Wash - 65% recycled polyester 35% organic cotton 60 degree wash/2 dot iron/tumble dry low/p dry clean/do not bleach",1,,,OHAPP052003
T385,Labels & branding,Trim,Label,Label,Oliver Harvey labels — Tibard pre-print. 60° wash · low tumble dry · no bleach · do not dry clean,1,,,OHHT015201
T386,Labels & branding,Trim,Label,LABEL,Oliver harvey woven label - RHSAW inside side seam under the tie. / Oliver harvey wash instructions under the woven label - / 50 degree wash - No bleach - 2 dot iron - No tumble dry - Dry clean - 100% cotton / Oliver Harvey RED TAB - LHSAW - top corner of the centre front pocket - Level with the top of the pocket,1,,,OHAPP0534GD
T387,Labels & branding,Trim,Label,LABEL,Oliver Harvey woven label - RHSAW inside side seam under the tie. / Oliver harvey wash instructions under the woven label / 100% ORGANIC COTTON - 40 degree wash - No bleach - 2 dot iron - LOW tumble dry - Dry clean,1,,,OHAPP0535241SHT5
T388,Labels & branding,Trim,Label,LABEL,Oliver harvey woven label - RHSAW inside side seam under the tie. / Oliver harvey wash instructions under the woven label / 30 degree wash - No bleach - 1 dot iron - No tumble dry - Dry clean / Oliver Harvey RED TAB - LHSAW - top corner of the centre front pocket - Level with the top of the pocket,1,,,OHAPP0534DAISEYDOT
T389,Labels & branding,Trim,Label,LABEL,Oliver harvey woven label - RHSAW inside side seam under the tie. / Oliver harvey wash instructions under the woven label / 30 degree wash - No bleach - 2 dot iron - No tumble dry - Dry clean / Oliver Harvey RED TAB - LHSAW - top corner of the centre front pocket - Level with the top of the pocket,1,,,OHAPP0534DENIM
T390,Labels & branding,Trim,Label,LABEL,Oliver harvey woven label - RHSAW inside side seam under the tie. / Oliver harvey wash instructions under the woven label / 40 degree wash - No bleach - 2 dot iron - No tumble dry - Dry clean / Oliver Harvey RED TAB - LHSAW - top corner of the centre front pocket,1,,,OHAPP0534STRIPE
T391,Labels & branding,Trim,Label,LABEL,Oliver Harvey woven label -set into right side seam 4cm down from top edge. / Oliver Harvey wash instructions under the woven label / 100% cotton - 40 degree wash - Do not bleach - 2 dot iron - Low Tumble dry - P Dry clean,1,,,OHAPP0535315DSSHT
T392,Labels & branding,Trim,Label,LABEL,Oliver Harvey woven label -set into right side seam 4cm down from top edge. / Oliver Harvey wash instructions under the woven label / 100% ORGANIC COTTON - 40 degree wash - No bleach - 2 dot iron - LOW tumble dry - P Dry clean,1,,,OHAPP053515DS
T393,Labels & branding,Trim,Label,LABEL,Oliver Harvey woven label -set into right side seam 4cm down from top edge. / Oliver Harvey wash instructions under the woven label / 100% ORGANIC COTTON - 40 degree wash - No bleach - 2 dot iron - Tumble dry low - Dry clean,1,,,OHAPP0535241DSSHT
T394,Labels & branding,Trim,Label,LABEL,Oliver Harvey woven label -set into right side seam 4cm down from top edge. / Oliver Harvey wash instructions under the woven label / 100% ORGANIC COTTON - 40 degree wash - No bleach - 2 dot iron -Low tumble dry - Dry clean,1,,,OHAPP0535110DSSHT
T395,Labels & branding,Trim,Label,LABEL,Oliver harvey woven label set to lower edge of front waistband. set 5cm from right side seam.,1,,,OHLCTSHROPSHIRE--03
T396,Labels & branding,Trim,Label,LABEL,set 5cm down from top of right side seam cut edge as worn.,1,,,OHAP3528248
T397,Labels & branding,Trim,Label,LABEL,Set labels 5cm down from top cut edge right side as worn.,1,,,OHAP352882
T398,Labels & branding,Trim,Label,LABEL,Wash instructions underneath the woven label / NO RED FLASH / 65% recycled polyester 35% organic cotton - 60 degree wash/2 dot iron/low tumble dry/p dry clean /do not bleach,1,,,OHCTTDURHAM--03
T399,Labels & branding,Trim,Labels,Labels,"Oliver Harvey woven label, back neck",17,,,OHCJSMCHESHIRE--01; OHCJMCHESHIRE--01; OHCJMCHESHIRE--01L; OHCJMCHESHIRE--03; OHCJSMCHESHIRE--01L; OHCJSMCHESHIRE--03; OHCJMOXFORD--01; OHCJMOXFORD--01L; OHCJMOXFORD--03; OHCJMOXFORD--03L; OHCJSMOXFORD--01; OHCJSMOXFORD--01L; OHCJSMOXFORD--01S; OHCJSMOXFORD--01LS; OHCJSMOXFORD--03; OHCJSMOXFORD--03L; OHCJSMOXFORDNLL--01
T400,Labels & branding,Trim,Labels,Labels,Oliver harvey woven label back neck / Wash instruction - / 75 Degree wash - CL in triangle bleach - low tumble dry - three dot iron- Do not dry clean / Right hand side inside seam,1,,,OHCJMDORSET--01
T401,Labels & branding,Trim,Oh centre fold label,OH centre fold label,Oliver harvey woven british button label set into right side seam as worn. 4cm down from top edge.,13,,,OHAP300501C; OHAP300501PC; OHAP300503PC; OHAP300503PCL; OHAP300503PCS; OHAP300505; OHAP300515L; OHAP3005248L; OHAP300583; OHAPP300503; OHAPP300503PCL; OHAPP300515; OHAPP3005248
T402,Labels & branding,Trim,Oh label,OH LABEL,Set 4cm down from right side seam as worn,15,,,OHAPP063014HP2; OHAPP063015KPLN; OHAPP0630242KP; OHAPP0630681KP; OHAPP0630682KP; OHAPP063068HP2; OHAPP063082KPLN; OHAPP078601; OHAPP078603; OHAPP078606; OHAPP078615; OHAPP0786153; OHAPP0786248; OHAPP078682; OHAPP078683
T403,Labels & branding,Trim,Oh label,OH LABEL,Oliver Harvey woven label set 4cm down from top of right hand finished side seam as worn.,5,,,OHAPP0535241; OHAPP053583; OHAPP053515; OHAPP053515S; OHAPP0535222
T404,Labels & branding,Trim,Oh label,OH LABEL,Oliver harvey woven label back neck - set into lower edge of collar at centre back neck,3,,,OHLCJHAMPSHIRE--01; OHLCJSHAMPSHIRE--01; OHLCJSHAMPSHIRE--03
T405,Labels & branding,Trim,Oh label,OH LABEL,Set 6cm down from finished right side seam as worn,3,,,OHAPP0634911; OHAPP0634912; OHAPP0634913
T406,Labels & branding,Trim,Oh label,OH LABEL,Oliver harvey woven label back neck,1,,,OHCJSBEDFORD--01
T407,Labels & branding,Trim,Oh label printed at tibard,OH label printed at tibard,Wash instruction - 50% polyester 50% tencel - 70 degree/2 dot iron/ low tumble dry/ p dry clean/do not bleach / Right hand side inside seam,1,,,OHCJSBEDFORD--01
T408,Labels & branding,Trim,Oh woven label,OH woven label,Oliver harvey woven label back neck,14,,,OHCJNORFOLK--01; OHCJSNORFOLK--01; OHCJSSUFFOLK--01; OHCJSSUFFOLK--01L; OHCJSSUFFOLK--01S; OHCJSSUFFOLK--03; OHCJSSUFFOLK--03L; OHCJSUFFOLK--01; OHCJSUFFOLK--03; OHLCJDERBYSHIRE--01; OHLCJDERBYSHIRE--03; OHLCJSDERBYSHIRE--01; OHLCJSDERBYSHIRE--01S; OHLCJSDERBYSHIRE--03
T409,Labels & branding,Trim,Oh woven label,OH woven label,Oliver harvey woven label in centre back waist,4,,,OHCTLANCASHIRE--03; OHCTLANCASHIRE--26; OHCTTLANCASHIRE--03; OHCTTLANCASHIRE--26
T410,Labels & branding,Trim,Oh woven label,OH woven label,Oliver Harvey woven label - Set 4cm down from right side seam as worn.,2,,,OHAPP053403DEN; OHAPP0534224DEN
T411,Labels & branding,Trim,Oh woven label,OH woven label,Set into centre back neck seam,1,,,OHBABYCHEFJKT
T412,Labels & branding,Trim,Oh woven label,OH woven label,Set to centre back waist,1,,,OHCTDURHAM--03
T413,Labels & branding,Trim,Oliver harvey label,Oliver Harvey LABEL,OLIVER HARVEY WOVEN LABEL SET TO LOWER EDGE OF WAISTBAND 4cm from SIDE SEAM RIGHT front as worn.,1,,,OHLCTSURREY--03
T414,Labels & branding,Trim,Oliver harvey woven label,Oliver harvey woven label,Set 4cm down from finished top edge. set to right side seam as worn.,11,,,OHAPP054403; OHAPP054415; OHAPP0544173; OHAPP0544222; OHAPP0544241; OHAPP054447; OHAPP054448; OHAPP054483; OHAPP0610241; OHAPP061203DEN; OHAPP0612GD
T415,Labels & branding,Trim,Oliver harvey woven label,Oliver harvey woven label,Set 4cm down from right side seam as worn.,1,,,OHKIDSBIB--
T416,Labels & branding,Trim,Oliver harvey woven label,Oliver harvey woven label,SET LABEL 4cm down from top of RIGHT SIDE SEAM AS WORN.,1,,,OHAPP061803DEN
T417,Labels & branding,Trim,Oliver harvey woven label,Oliver harvey woven label,Set to right side seam as worn. set 4cm down from finished top edge,1,,,OHAPP054401C
T418,Labels & branding,Trim,Printed size label,Printed size label,Printed size label set underneath oliver harvey woven label right side seam as worn.,1,,,OHKIDSBIB--
T419,Labels & branding,Trim,Red oh label,RED OH LABEL,OH red tax label - set level with top of left pocket. left side of pocket as worn.,7,,,OHAPP063103DENDS; OHAPP0631110DS; OHAPP0631153DS; OHAPP063115DS; OHAPP0631224DENDS; OHAPP0631241DS; OHAPP0631GDDS
T420,Labels & branding,Trim,Red oh label,RED OH LABEL,OH red tax label - set level with top of pocket. left side of pocket as worn.,7,,,OHAPP352801C; OHAPP352803; OHAPP352815; OHAPP3528248; OHAPP352831; OHAPP352882; OHAPP352883
T421,Labels & branding,Trim,Red oh label,RED OH LABEL,OH red tax label - set level with top of pocket mouth of mitred pocket left side of pocket as worn.,1,,,OHAPP0569GD
T422,Labels & branding,Trim,Size label,SIZE LABEL,Set in lower edge of waistband underneath oliver harvey woven label,4,,,OHLCTSHROPSHIRE--03; OHLCTSURREY--03; OHCTLINCOLN--03; OHCTTLINCOLN--03
T423,Labels & branding,Trim,Size label,SIZE LABEL,Set underneath OH woven label in centre back waist,4,,,OHCTLANCASHIRE--03; OHCTLANCASHIRE--26; OHCTTLANCASHIRE--03; OHCTTLANCASHIRE--26
T424,Care / wash labels,Trim,Additional label,Additional label,Garment name + manufacturing month/year label — behind wash label in side seam,17,,,OHCJSMCHESHIRE--01; OHCJMCHESHIRE--01; OHCJMCHESHIRE--01L; OHCJMCHESHIRE--03; OHCJSMCHESHIRE--01L; OHCJSMCHESHIRE--03; OHCJMOXFORD--01; OHCJMOXFORD--01L; OHCJMOXFORD--03; OHCJMOXFORD--03L; OHCJSMOXFORD--01; OHCJSMOXFORD--01L; OHCJSMOXFORD--01S; OHCJSMOXFORD--01LS; OHCJSMOXFORD--03; OHCJSMOXFORD--03L; OHCJSMOXFORDNLL--01
T425,Care / wash labels,Trim,Additional printed care label,Additional printed care label,"ADDITIONAL LABEL SET UNDERNEATH Oliver Harvey label to state ""REMOVE NECK STRAP AND ALL LEATHER TRIMS BEFORE WASH""",3,,,OHAPP0610241; OHAPP061203DEN; OHAPP0612GD
T426,Care / wash labels,Trim,Care label,Care label,Tibard printed — set into centre back crown. Main 65% recycled polyester 35% organic cotton · mesh 100% polyester · 60° wash · 2-dot iron · low tumble dry · no bleach · P dry clean,4,,,OHHTM016001; OHHTM016003; OHHTM016015; OHHTM0160248
T427,Care / wash labels,Trim,Care label,CARE LABEL,Care label - 65% recycled polyester 35% organic cotton 60 degree wash/ no bleach/ 2 dot iron/ tumble dry/ dry clean set label just below eyelet re-enforcement piece right side seam as worn,3,,,OHAPP065103; OHAPP065115; OHAPP0651248
T428,Care / wash labels,Trim,Care label,CARE LABEL,Oliver harvey 65% recycled polyester 35% organic cotton label inside right side seam / 60 degree wash / Set into right side seam as worn set 8cm up from finished hem.,2,,,OHCJSSUFFOLK--01L; OHCJSSUFFOLK--01S
T429,Care / wash labels,Trim,Care label,CARE LABEL,Oliver harvey care label - set underneath oliver harvey woven label. 65% polyester/35% cotton - 60 degree wash/ 2 dot iron/ tumble dry/do not bleach /p dry clean,2,,,OHLCTSHROPSHIRE--03; OHCTTLINCOLN--03
T430,Care / wash labels,Trim,Care label,CARE LABEL,Oliver Harvey wash instructions set under woven label. Set to right side seam as worn. Set 4cm down from finished top edge. / Wash - 100% organic cotton - 40 degree wash/ tumble dry low/ p dry clean/2 dot iron/ do not bleach,2,,,OHAPP053515; OHAPP053515S
T431,Care / wash labels,Trim,Care label,CARE LABEL,Care label - 65% recycled polyester 35% organic cotton 60 degree wash/ no bleach/ 2 dot iron/ tumble dry low/ dry clean set label just below eyelet re-enforcement piece right side seam as worn,1,,,OHAPP065183
T432,Care / wash labels,Trim,Care label,Care label,OH care label / size — 50% polyester 50% cotton · 65° wash · tumble dry,1,,,OHBABYCHEFJKT
T433,Care / wash labels,Trim,Care label,CARE LABEL,Oliver harvey 65% 35% poly cotton label inside right side seam / 60 degree wash / Set into right side seam as worn set 8cm up from finished hem.,1,,,OHCJSUFFOLK--01
T434,Care / wash labels,Trim,Care label,CARE LABEL,Oliver harvey 65% recycled polyester 35% cotton organic label inside right side seam / 60 degree wash / Set into right side seam as worn set 8cm up from finished hem.,1,,,OHCJSSUFFOLK--03L
T435,Care / wash labels,Trim,Care label,CARE LABEL,Oliver harvey 65% recycled polyester 35% organic cotton - label inside right side seam / 60 degree wash/2 dot iron/low tumble dry/p dry clean /do not bleach / Set into right side seam set 8cm up from finished hem.,1,,,OHCJNORFOLK--01
T436,Care / wash labels,Trim,Care label,CARE LABEL,Oliver harvey 65% recycled polyester 35% organic cotton - label inside right side seam / 60 degree wash/2 dot iron/low tumble dry/p dry clean/do not bleach / Set into right side seam set 8cm up from finished hem.,1,,,OHCJSNORFOLK--01
T437,Care / wash labels,Trim,Care label,CARE LABEL,Oliver harvey 65% recycled polyester 35% organic cotton label inside right side seam / 60 degree wash/ 2 dot iron/low tumble dry/p dry clean/do not bleach / Set into right side seam as worn set 8cm up from finished hem.,1,,,OHCJSSUFFOLK--01
T438,Care / wash labels,Trim,Care label,CARE LABEL,Oliver Harvey wash instructions set under woven label. Set to right side seam as worn. Set 4cm down from finished top edge. / Wash - 100% organic cotton - 40 degree wash/ low tumble dry/ p dry clean/2 dot iron/ do not bleach,1,,,OHAPP0535222
T439,Care / wash labels,Trim,Care label,CARE LABEL,Pre printed care instructions set 5cm down from cut edge of right side seam as worn.,1,,,OHAP352803RS
T440,Care / wash labels,Trim,Care label,CARE LABEL,Wash instruction - 60 degree wash - 65/35 recycled poly organic cotton / Set into right side seam as worn set 8cm up from finished hem.,1,,,OHCJSSUFFOLK--03
T441,Care / wash labels,Trim,Care label,CARE LABEL,Wash instruction - 65 recycled polyester/35% organic cotton 60 degree wash/ 2 dot iron/ low tumble dry/ p dry clean/ do not bleach / Set into right side seam as worn set 8cm up from finished hem.,1,,,OHCJSUFFOLK--03
T442,Care / wash labels,Trim,Care label printed at tibard (gails printer),Care label printed at tibard (gails printer),"Wash/care instructions 55% cotton/45% polyester - 70 degree wash/2 dot iron/p dry clean/ do not bleach/tumble dry plus additional label stating ""remove leather trim before wash"" / Label set 4cm down from top of finished RIGHT side seam as worn.",4,,,OHAPP0630242KP; OHAPP0630681KP; OHAPP0630682KP; OHAPP063068HP2
T443,Care / wash labels,Trim,Care label printed at tibard (gails printer),Care label printed at tibard (gails printer),"Wash/care instructions PLUS ADDITIONAL LABEL STATING ""REMOVE LEATHER TRIM BEFORE WASH"" / Label set 4cm down from top of finished RIGHT side seam as worn. / 67% polyester 33% cotton - 60 degree wash/do not bleach/2 dot iron/ p dry clean/ low tumble dry",2,,,OHAPP063015KPLN; OHAPP063082KPLN
T444,Care / wash labels,Trim,Care label printed at tibard (gails printer),Care label printed at tibard (gails printer),"Wash/care instructions - 60% cotton/40% polyester - 40 degree wash/do not bleach/ 2 dot iron/p dry clean/ tumble dry low plus additional label stating ""remove leather trim before wash"" / Label set 4cm down from top of finished RIGHT side seam as worn.",1,,,OHAPP063014HP2
T445,Care / wash labels,Trim,Care label- printed at tibard,Care label- printed at tibard,CARE LABEL - SET UNDERNEATH OLIVER HARVEY WOVEN LABEL. 35% cotton/35% polyester/30% T400 60 degree wash/do not bleach/2 dot iron/ P dry clean/low tumble dry,1,,,OHLCTSURREY--03
T446,Care / wash labels,Trim,Label,LABEL,Oliver harvey woven label back neck / Wash instruction - degree wash - 50% polyester 50% cotton 65 degree wash / Right hand side inside seam / Label for garment name and manufacturing month and year only - behind wash label in side seam,5,,,OHCJMSTRATFORD--01; OHCJMSTRATFORD--01S; OHCJSMSTRATFORD--03; OHCJSMSTRATFORD--01; OHCJSMSTRATFORD--01S
T447,Care / wash labels,Trim,Label,Label,Oliver harvey woven label back neck / Wash instruction - / 75 degree wash - CL in triangle/bleach - low tumble dry - three dot iron - do not dry clean / Right hand side inside seam / Label for garment name and manufacturing month and year only - behind wash label in side seam,2,,,OHCJSMDORSET--01; OHCJSMDORSET--01S
T448,Care / wash labels,Trim,Label,LABEL,Oliver harvey woven label back neck / Wash instruction - 75 degree wash - cl in triangle /bleach - low tumble dry - three dot iron - do not dry clean / Right hand side inside seam / Label for garment name and manufacturing month and year only - behind wash label in side seam,2,,,OHCJMDORSET--01LS; OHCJMDORSET--01L
T449,Care / wash labels,Trim,Label,LABEL,Oliver harvey 65% recycled polyester 35% organic cotton - 60 degree wash/2 dot iron/low tumble dry/p dry clean / do not bleach - label inside left side seam / 60 degree wash / Label for garment name and manufacturing month and year only - behind wash label in side seam,1,,,OHCJCUMBRIA--01L
T450,Care / wash labels,Trim,Label,LABEL,Oliver harvey care label inside left side seam / 65% recycled polyester 35% organic cotton/60 degree wash /2 dot iron/tumble dry low/p dry clean/do not bleach / Label for garment name and manufacturing month and year only - behind wash label in side seam,1,,,OHCJCUMBRIA--01
T451,Care / wash labels,Trim,Label,LABEL,Oliver harvey woven label back neck / Oliver harvey 65% recycled polyester 35% organic cotton label inside left side seam / 60 degree wash /2 dot iron/tumble dry low/p dry clean/do not bleach / Label for garment name and manufacturing month and year only - behind wash label in side seam,1,,,OHCJSCUMBRIA--01L
T452,Care / wash labels,Trim,Label,LABEL,Oliver harvey woven label back neck / Wash instruction - 65% recycled polyester 35% organic cotton - 60 degree wash/2 dot iron/low tumble dry/p dry clean / do not bleach / Left hand side inside seam / Label for garment name and manufacturing month and year only - behind wash label in side seam,1,,,OHCJCUMBRIA--03
T453,Care / wash labels,Trim,Label,LABEL,Oliver harvey woven label back neck / Wash instruction - 65% recycled polyester 35% organic cotton - 60 degree wash/2 dot iron/low tumble dry/p dry clean/do not bleach / Left hand side inde seam / Label for garment name and manufacturing month and year only - behind wash label in side seam,1,,,OHCJSCUMBRIA--03
T454,Care / wash labels,Trim,Label for garment name and manufacturing month and year only - behind wash label in side seam,Label for garment name and manufacturing month and year only - behind wash label in side seam,,1,,,OHCJMDORSET--01
T455,Care / wash labels,Trim,Labels,Labels,Oliver harvey woven label back neck / Wash instruction / 75 Degree wash . CL in triangle/bleach -low tumble dry . three dot iron. Do not dry clean / Right hand side inside seam / Label for garment name and manufacturing month and year only - behind wash label in side seam,1,,,OHCJSMDORSET--01L
T456,Care / wash labels,Trim,Oh care label,OH care label,Wash/care instructions 65% recycled polyester/35% organic cotton - 60 degree wash/2 dot iron/p dry clean/ do not bleach/ tumble dry low / Label set 4cm down from top of finished RIGHT side seam as worn.,5,,,OHAPP078603; OHAPP078615; OHAPP0786248; OHAPP078682; OHAPP078683
T457,Care / wash labels,Trim,Oh care label,OH care label,OH care label - 100%cotton 50 degree wash/ no bleach/ 2 dot iron/no tumble dry/ dry clean set label 4cm down from finished right side seam as worn,3,,,OHAPP063103DENDS; OHAPP0631224DENDS; OHAPP0631GDDS
T458,Care / wash labels,Trim,Oh care label,OH care label,Wash instruction - 50% polyester 50% cotton mesh - 100% polyester 65 degree wash/ do not bleach/low tumble dry/2 dot iron/ p dry clean / Set to right hand side inside seam / Label for garment name and manufacturing month and year only - behind wash label in side seam,3,,,OHLCJHAMPSHIRE--01; OHLCJSHAMPSHIRE--01; OHLCJSHAMPSHIRE--03
T459,Care / wash labels,Trim,Oh care label,OH care label,Wash/care instructions - 100% COTTON 50 DEGREE WASH/2 DOT IRON/P DRY CLEAN/ DO NOT BLEACH/DO NOT TUMBLE DRY / Label set 6cm down from top of finished RIGHT side seam as worn.,3,,,OHAPP0634911; OHAPP0634912; OHAPP0634913
T460,Care / wash labels,Trim,Oh care label,OH care label,OH care label - 100% organic cotton 40 degree wash/ no bleach/ 2 dot iron/ tumble dry low/ dry clean set label 4cm down from finished right side seam as worn,2,,,OHAPP0631153DS; OHAPP063115DS
T461,Care / wash labels,Trim,Oh care label,OH care label,OH care label - 100% organic cotton 40 degree wash/ no bleach/ 2 dot iron/tumble dry low/ p dry clean set label 4cm down from finished right side seam as worn,2,,,OHAPP0631241DS; OHAPP352801C
T462,Care / wash labels,Trim,Oh care label,OH care label,OH care label - 65% recycled polyester/35% organic cotton 60 degree wash/ no bleach/ 2 dot iron/tumble dry/ dry clean set label 4cm down from finished right side seam as worn,2,,,OHAPP3528248; OHAPP3528248S
T463,Care / wash labels,Trim,Oh care label,OH care label,OH care label - 65% recycled polyester/35%organic cotton 60 degree wash/ no bleach/ 2 dot iron/low tumble dry/ dry clean set label 4cm down from finished right side seam as worn,2,,,OHAP352801PC; OHAP352803PC
T464,Care / wash labels,Trim,Oh care label,OH care label,Oliver harvey 65% recycled polyester/35% organic cotton/ 60 degree wash/ do not bleach/ 2 dot iron/p dry clean/ low tumble dry - label set inside right side seam 10cm up from top of side split,2,,,OHLCJDERBYSHIRE--01; OHLCJSDERBYSHIRE--01S
T465,Care / wash labels,Trim,Oh care label,OH care label,Oliver Harvey wash instructions set under the woven label / 100 %COTTON - 50 degree wash - No bleach - 2 dot iron - No Tumble dry - Dry clean - SET LABEL UNDERNEATH OH WOVEN LABEL,2,,,OHAPP053403DEN; OHAPP0534224DEN
T466,Care / wash labels,Trim,Oh care label,OH care label,Wash label -65% polyester 35% cotton - 60 degree wash/ do not bleach/2 dot iron/ p dry clean/tumble dry . set to centre back rise seam to finish 8cm down from top edge / Label for garment name and manufacturing month and year only - behind wash label,2,,,OHCTLANCASHIRE--26; OHCTTLANCASHIRE--26
T467,Care / wash labels,Trim,Oh care label,OH care label,Wash/care instructions 65% POLYESTER/35% COTTON - 60 DEGREE WASH/2 DOT IRON/P DRY CLEAN/ DO NOT BLEACH/ TUMBLE DRY LOW / Label set 4cm down from top of finished RIGHT side seam as worn.,2,,,OHAPP078606; OHAPP0786153
T468,Care / wash labels,Trim,Oh care label,OH care label,OH care label - 100% cotton 60 degree wash/ no bleach/ 2 dot iron/tumble dry low/ p dry clean set label 4cm down from finished right side seam as worn,1,,,OHAPP352831
T469,Care / wash labels,Trim,Oh care label,OH care label,OH care label - 100% cotton/ 50 degree wash/ no bleach/ 2 dot iron/no tumble dry/ dry clean set label 4cm down from finished right side seam as worn,1,,,OHAPP0569GD
T470,Care / wash labels,Trim,Oh care label,OH care label,OH care label - 100% organic cotton 40 degree wash/ no bleach/ 2 dot iron/low tumble dry/ dry clean set label 4cm down from finished right side seam as worn,1,,,OHAP352801C
T471,Care / wash labels,Trim,Oh care label,OH care label,OH care label - 100% organic cotton 40 degree wash/ no bleach/ 2 dot iron/low tumble dry/ p dry clean set label 4cm down from finished right side seam as worn,1,,,OHAPP0631110DS
T472,Care / wash labels,Trim,Oh care label,OH care label,OH care label - 65% recycled polyester/35% organic cotton - 60 degree wash/ no bleach/ 2 dot iron/tumble dry low/ p dry clean set label 4cm down from finished right side seam as worn,1,,,OHAPP352883S
T473,Care / wash labels,Trim,Oh care label,OH care label,OH care label - 65% recycled polyester/35% organic cotton 60 degree wash/ no bleach/ 2 dot iron/ tumble dry/ p dry clean set label 4cm down from finished right side seam as worn,1,,,OHAPP352815
T474,Care / wash labels,Trim,Oh care label,OH care label,OH care label - 65% recycled polyester/35% organic cotton 60 degree wash/ no bleach/ 2 dot iron/low tumble dry/ dry clean set label 4cm down from finished right side seam as worn,1,,,OHAP352815
T475,Care / wash labels,Trim,Oh care label,OH care label,OH care label - 65% recycled polyester/35% organic cotton 60 degree wash/ no bleach/ 2 dot iron/no tumble dry/ dry clean set label 4cm down from finished right side seam as worn,1,,,OHAP3528248S
T476,Care / wash labels,Trim,Oh care label,OH care label,OH care label - 65% recycled polyester/35% organic cotton 60 degree wash/ no bleach/ 2 dot iron/tumble dry low/ p dry clean set label 4cm down from finished right side seam as worn,1,,,OHAP352883
T477,Care / wash labels,Trim,Oh care label,OH care label,OH care label - 65% recycled polyester/35% organic cotton 60 degree wash/ no bleach/ 2 dot iron/tumble dry/ dry clean set label 1cm below eyelet -re-enforcement piece right side seam as worn,1,,,OHAPP065203
T478,Care / wash labels,Trim,Oh care label,OH care label,OH care label - 65% recycled polyester/35% organic cotton 60 degree wash/ no bleach/ 2 dot iron/tumble dry/ dry clean set label 1cm below eyelet re-enforcement piece right side seam as worn,1,,,OHAPP0652248
T479,Care / wash labels,Trim,Oh care label,OH care label,OH care label - 65% recycled polyester/35% organic cotton 60 degree wash/ no bleach/ 2 dot iron/tumble dry/ dry clean set label 1cm below eyelet re-enforcement piece right side seam as worn.,1,,,OHAPP065215
T480,Care / wash labels,Trim,Oh care label,OH care label,OH care label - 65% recycled polyester/35%organic cotton - 60 degree wash/ no bleach/ 2 dot iron/tumble dry low/ p dry clean set label 4cm down from finished right side seam as worn,1,,,OHAPP352883
T481,Care / wash labels,Trim,Oh care label,OH care label,OH care label - 65% recycled polyester/35%organic cotton 60 degree wash/ no bleach/ 2 dot iron/ tumble dry/ dry clean set label 4cm down from finished right side seam as worn,1,,,OHAPP352803
T482,Care / wash labels,Trim,Oh care label,OH care label,OH care label - 65% recycled polyester/35%organic cotton 60 degree wash/ no bleach/ 2 dot iron/tumble dry low/ p dry clean set label 1cm down from eyelet re-inforcement piece right side seam as worn,1,,,OHAPP065283
T483,Care / wash labels,Trim,Oh care label,OH care label,OH care label - 65%recycled polyester/35% organic cotton 60 degree wash/ no bleach/ 2 dot iron/tumble dry low/ dry clean set label 4cm down from finished right side seam as worn,1,,,OHAPP352882
T484,Care / wash labels,Trim,Oh care label,OH care label,OH care label - set underneath oliver harvey woven label. 65% polyester/35% cotton - 60 degree wash/ 2 dot iron/ tumble dry low/do not bleach /p dry clean,1,,,OHCTLINCOLN--03
T485,Care / wash labels,Trim,Oh care label,OH care label,Oliver harvey 60 degree wash/ do not bleach/ 2 dot iron/p dry clean/ low tumble dry 65% recycled polyester/35% organic cotton - label set inside right side seam 10cm up from top of side split,1,,,OHLCJSDERBYSHIRE--03
T486,Care / wash labels,Trim,Oh care label,OH care label,Oliver harvey 60 degree wash/ do not bleach/ 2 dot iron/p dry clean/ low tumble dry 65%recycled polyester/35% organic cotton - label set inside right side seam 10cm up from top of side split,1,,,OHLCJDERBYSHIRE--03
T487,Care / wash labels,Trim,Oh care label,OH care label,Oliver harvey 65% recycled polyester/35% organic cotton / 60 degree wash/ do not bleach/ 2 dot iron/p dry clean/ low tumble dry - label set inside right side seam 10cm up from top of side split,1,,,OHLCJSDERBYSHIRE--01
T488,Care / wash labels,Trim,Oh care label,OH care label,Oliver harvey wash instructions set under OH woven label right side seam as worn / Wash - 100% organic cotton/40 degree wash / tumble dry low/ 2 dot iron/do not bleach / p dry clean,1,,,OHAP300501C
T489,Care / wash labels,Trim,Oh care label,OH care label,Oliver harvey wash instructions set under OH woven label right side seam as worn / Wash - 65% polyester 35% cotton/60 degree wash / tumble dry/ 2 dot iron/do not bleach / p dry clean,1,,,OHAP300505
T490,Care / wash labels,Trim,Oh care label,OH care label,Oliver harvey wash instructions set under OH woven label right side seam as worn / Wash - 65% recycled polyester 35% organic cotton/60 degree wash / tumble dry low/ 2 dot iron/do not bleach / p dry clean,1,,,OHAP300583
T491,Care / wash labels,Trim,Oh care label,OH care label,Oliver harvey wash instructions set under OH woven label right side seam as worn / Wash - 65% recycled polyester 35% organic cotton/60 degree wash / tumble dry/ 2 dot iron/do not bleach / p dry clean,1,,,OHAPP300503PCL
T492,Care / wash labels,Trim,Oh care label,OH care label,Oliver harvey wash instructions set under OH woven label right side seam as worn / Wash - 65% recycled polyester/ 35%organic cotton/60 degree wash / tumble dry/ 2 dot iron/do not bleach / p dry clean,1,,,OHAP300503PCS
T493,Care / wash labels,Trim,Oh care label,OH care label,Oliver harvey wash instructions set under OH woven label right side seam as worn / Wash - 65% recycled polyester/35% organic cotton/60 degree wash /low tumble dry/ 2 dot iron/do not bleach / p dry clean,1,,,OHAP300501PC
T494,Care / wash labels,Trim,Oh care label,OH care label,Oliver harvey wash instructions set under OH woven label right side seam as worn / Wash - 65% recycledpolyester 35% organic cotton/60 degree wash / tumble dry/ 2 dot iron/do not bleach / p dry clean,1,,,OHAP3005248L
T495,Care / wash labels,Trim,Oh care label,OH care label,Oliver harvey wash instructions set under OH woven label right side seam as worn / Wash - 65%recycled polyester 35% organic cotton/60 degree wash / tumble dry/ 2 dot iron/do not bleach / p dry clean,1,,,OHAP300515L
T496,Care / wash labels,Trim,Oh care label,OH care label,Oliver harvey wash instructions set under OH woven label right side seam as worn / Wash - 65%recycled polyester 35%organic cotton/60 degree wash / tumble dry/ 2 dot iron/do not bleach / p dry clean,1,,,OHAP300503PCL
T497,Care / wash labels,Trim,Oh care label,OH care label,Oliver harvey wash instructions set under OH woven label right side seam as worn / Wash - 65%recycled polyester/35% organic cotton/60 degree wash / tumble dry/ 2 dot iron/do not bleach / p dry clean,1,,,OHAP300503PC
T498,Care / wash labels,Trim,Oh care label,OH care label,Oliver Harvey wash instructions under woven label. Right side seam. / WASH - 100% Cotton - 60 DEGREE WASH,1,,,OHAP052031
T499,Care / wash labels,Trim,Oh care label,OH care label,Pre printed care instructions set 5cm down from top cut edge of right side seam as worn.,1,,,OHAP352803VARI
T500,Care / wash labels,Trim,Oh care label,OH care label,Set into seam of top of hat at centre back — 40° wash · 2-dot iron · low tumble dry,1,,,OHHT015415
T501,Care / wash labels,Trim,Oh care label,OH care label,Wash instruction placed inside side seam right hand side as worn 12cm up from finished hem. / Identification label placed under wash instruction. / 65% recycled polyester 35% organic cotton - 60 degree wash/ 2 dot iron/low tumble dry/p dry clean/do not bleach,1,,,OHCJSCUMBRIA--01
T502,Care / wash labels,Trim,Oh care label,OH care label,Wash instructions underneath the woven label / 65% recycled polyester 35% organic cotton 60 wash/2 dot iron/low tumble dry/p dry clean/do not bleach,1,,,OHCTDURHAM--03
T503,Care / wash labels,Trim,Oh care label,OH care label,Wash label -65% recycled polyester 35% organic cotton - 60 degree wash/ do not bleach/2 dot iron/ p dry clean/tumble dry low . set to centre back rise seam to finish 8cm down from top edge / Label for garment name and manufacturing month and year only - behind wash label,1,,,OHCTLANCASHIRE--03
T504,Care / wash labels,Trim,Oh care label,OH care label,Wash label -65% recycled polyester 35%organic cotton - 60 degree wash/ do not bleach/2 dot iron/ p dry clean/tumble dry . set to centre back rise seam to finish 8cm down from top edge / Label for garment name and manufacturing month and year only - behind wash label,1,,,OHCTTLANCASHIRE--03
T505,Care / wash labels,Trim,Oh care label,OH care label,Wash/care instructions 100% ORGANIC COTTON - 40 DEGREE WASH/2 DOT IRON/P DRY CLEAN/ DO NOT BLEACH/ TUMBLE DRY LOW / Label set 4cm down from top of finished RIGHT side seam as worn.,1,,,OHAPP078601
T506,Care / wash labels,Trim,Oh woven label,OH woven label,Set OH label 4cm down from right side seam as worn. set on top of care label.,17,,,OHAPP0569GD; OHAPP063103DENDS; OHAPP0631110DS; OHAPP0631153DS; OHAPP063115DS; OHAPP0631224DENDS; OHAPP0631241DS; OHAPP0631GDDS; OHAPP352801C; OHAPP352803; OHAPP352815; OHAPP3528248; OHAPP3528248S; OHAPP352831; OHAPP352882; OHAPP352883; OHAPP352883S
T507,Care / wash labels,Trim,Oh woven label,OH woven label,Set OH label/care label 7.5cm down from top cut edge right side seam as worn. set OH label on top of care label. labels to finish 4cm down from finished top edge. .,5,,,OHAP352801C; OHAP352801PC; OHAP352803PC; OHAP352815; OHAP352883
T508,Care / wash labels,Trim,Oh woven label,OH woven label,Set OH label on top of care label.,4,,,OHAPP065203; OHAPP065215; OHAPP0652248; OHAPP065283
T509,Care / wash labels,Trim,Oh woven label,OH woven label,Set on top of care label.,4,,,OHAPP065103; OHAPP065115; OHAPP0651248; OHAPP065183
T510,Care / wash labels,Trim,Oh woven label,OH woven label,Set OH label 7.5cm down from cut edge right side seam as worn. to finish 4cm down from right side seam as worn. set on top of care label.,1,,,OHAP3528248S
T511,Care / wash labels,Trim,Oliver harvey - care label,Oliver harvey - care label,Wash instructions set under woven label. Set to right side seam as worn. Set 4cm down from finished top edge. / Label - 100% organic cotton - 40 degree wash/ low tumble dry / p dry clean/ 2 dot iron/ do not bleach,1,,,OHAPP053583
T512,Care / wash labels,Trim,Oliver harvey - care label,Oliver harvey - care label,Wash instructions set under woven label. Set to right side seam as worn. Set 4cm down from finished top edge. / Label - 100% organic cotton - 50 degree wash/ do not tumble dry / p dry clean/ 2 dot iron/ do not bleach,1,,,OHAPP0535241
T513,Care / wash labels,Trim,Oliver harvey care label,Oliver harvey care label,100% COTTON -50 degree wash/do not bleach/ 2 dot iron/P dry clean/do not tumble dry. SET LABEL JUST BELOW BASE OF RE-INFORCEMENT PATCH IN RIGHT SIDE SEAM AS WORN. SET BELOW OH WOVEN LABEL.,9,,,OHAPP0596FGD; OHAPP0596GD; OHAPP059703DEN153; OHAPP0597224DEN; OHAPP0597F03DEN153; OHAPP0597F224DEN; OHAPP0598224DEN; OHAPP0599GD; OHAPP060003153DEN
T514,Care / wash labels,Trim,Oliver harvey care label,Oliver harvey care label,100% COTTON - 30 degree wash/do not bleach/ 2 dot iron/P dry clean/do not tumble dry. SET LABEL JUST BELOW BASE OF RE-INFORCEMENT PATCH IN RIGHT SIDE SEAM AS WORN. SET BELOW OH WOVEN LABEL.,3,,,OHAPP0573224; OHAPP0574224RR; OHAPP0575224ST
T515,Care / wash labels,Trim,Oliver harvey care label,Oliver harvey care label,100% LINEN - 40 degree wash/do not bleach/ 2 dot iron/P dry clean/do not tumble dry. IRON ON REVERSE (Note FIRST BATCH to be Tibard printed labels until stock of printed OH labels arrive) SET LABEL JUST BELOW BASE OF RE-INFORCEMENT PATCH IN RIGHT SIDE SEAM AS WORN. SET UNDERNEATH OH WOVEN LABEL.,3,,,OHAPP0590128; OHAPP0590156; OHAPP0590375
T516,Care / wash labels,Trim,Oliver harvey care label,Oliver harvey care label,100% organic cotton - wash at 40 degree/tumble dry low/2 dot iron/do not bleach/dry clean p set 4cm down from top of right side seam as worn. set underneath OH woven label.,3,,,OHAPP054403; OHAPP054415; OHAPP0544241
T517,Care / wash labels,Trim,Oliver harvey care label,Oliver harvey care label,100% COTTON - 50 degree wash/do not bleach/ 2 dot iron/P dry clean/do not tumble dry. SET LABEL 4CM DOWN FROM FINISHED TOP EDGE OF RIGHT SIDE SEAM AS WORN. SET UNDERNEATH OH WOVEN LABEL.,2,,,OHAPP0572224DEN; OHAPP0572F224DEN
T518,Care / wash labels,Trim,Oliver harvey care label,Oliver harvey care label,100% cotton - wash at 50 degree/tumble dry/2 dot iron/do not bleach/dry clean a set 4cm down from top of right side seam as worn. set underneath OH woven label.,2,,,OHAPP061203DEN; OHAPP0612GD
T519,Care / wash labels,Trim,Oliver harvey care label,Oliver harvey care label,100% organic cotton - wash at 40 degree/low tumble dry/2 dot iron/do not bleach/dry clean p set 4cm down from top of right side seam as worn. set underneath OH woven label.,2,,,OHAPP0544222; OHAPP054483
T520,Care / wash labels,Trim,Oliver harvey care label,Oliver harvey care label,Composition 65% polyester 35% cotton - 60 degree wash/ 2 dot iron/p dry clean/low tumble dry/do not bleach set 4cm down from top of right side seam as worn. set underneath OH woven label.,2,,,OHAPP054447; OHAPP054448
T521,Care / wash labels,Trim,Oliver harvey care label,Oliver harvey care label,100% COTTON - 30 degree wash/do not bleach/ 2 dot iron/P dry clean/do not tumble dry. SET LABEL 4CM DOWN FROM FINSIHED TOP EDGE OF RIGHT SIDE SEAM AS WORN. SET UNDERNEATH OH WOVEN LABEL.,1,,,OHAPP057215DEN
T522,Care / wash labels,Trim,Oliver harvey care label,Oliver harvey care label,100% COTTON -50 degree wash/do not bleach/ 2 dot iron/P dry clean/do not tumble dry. SET LABEL 4cm down from top of RIGHT SIDE SEAM AS WORN.,1,,,OHAPP061903DEN
T523,Care / wash labels,Trim,Oliver harvey care label,Oliver harvey care label,100% COTTON -50 degree wash/do not bleach/ 2 dot iron/P dry clean/do not tumble dry. SET LABEL 4cm down from top of RIGHT SIDE SEAM AS WORN. Set underneath Oliver Harvey woven label.,1,,,OHAPP061803DEN
T524,Care / wash labels,Trim,Oliver harvey care label,Oliver harvey care label,100% ORGANIC COTTON - 30 degree wash/do not bleach/ 1 dot iron/p dry clean/do not tumble dry. (CARE LABEL BASED ON PRINT WASH CARE) SET LABEL JUST BELOW BASE OF RE-INFORCEMENT PATCH IN RIGHT SIDE SEAM AS WORN. SET UNDERNEATH OH WOVEN LABEL.,1,,,OHAP0566PUTTY
T525,Care / wash labels,Trim,Oliver harvey care label,Oliver harvey care label,100% organic cotton - 40 degree wash/ do not bleach/tumble dry low/2 dot iron/ dry clean p set 4cm down from top of right side seam as worn. set underneath OH woven label.,1,,,OHAPP054401C
T526,Care / wash labels,Trim,Oliver harvey care label,Oliver harvey care label,100% organic cotton - wash at 40 degree/ tumble dry low /2 dot iron/do not bleach/dry clean p set 4cm down from top of right side seam as worn. set underneath OH woven label.,1,,,OHAPP0544173
T527,Care / wash labels,Trim,Oliver harvey care label,Oliver harvey care label,100% organic cotton - wash at 40 degree/tumble dry low/2 dot iron/do not bleach/p dry clean set 4cm down from top of right side seam as worn. set underneath OH woven label.,1,,,OHAPP0610241
T528,Care / wash labels,Trim,Oliver harvey care label,Oliver harvey care label,Set label underneath oliver harvey woven label in right side seam as worn. oliver harvey care label -65% polyester /35% cotton - 60 degree wash/ 2 dot iron/ tumble dry/ p dry clean/ do not bleach or 100% cotton 50 degree wash / do not bleach/ do not tumble dry / 2 dot iron/p dry clean,1,,,OHKIDSBIB--
T529,Care / wash labels,Trim,Oliver harvey woven label,Oliver harvey woven label,Set label just below base of re-inforcement patch in right side seam as worn. set on top of OH care label.,16,,,OHAPP0573224; OHAPP0574224RR; OHAPP0575224ST; OHAPP0596FGD; OHAPP0596GD; OHAPP059703DEN153; OHAPP0597224DEN; OHAPP0597F03DEN153; OHAPP0597F224DEN; OHAPP0598224DEN; OHAPP0599GD; OHAPP060003153DEN; OHAP0566PUTTY; OHAPP0590128; OHAPP0590156; OHAPP0590375
T530,Care / wash labels,Trim,Oliver harvey woven label,Oliver harvey woven label,Set label 4cm down from finished top edge of right side seam as worn. set on top of OH care label.,2,,,OHAPP0572224DEN; OHAPP0572F224DEN
T531,Care / wash labels,Trim,Oliver harvey woven label,Oliver harvey woven label,Set label 4cm down from finished top edge of right sdie seam as worn. set on top of OH care label.,1,,,OHAPP057215DEN
T532,Care / wash labels,Trim,Oliver harvey woven label,Oliver harvey woven label,SET LABEL 4cm down from top of RIGHT SIDE SEAM AS WORN. Set on top of care label.,1,,,OHAPP061903DEN
T533,Care / wash labels,Trim,Printed label - iron on reverse,Printed label - iron on reverse,"Printed label "" iron on reverse"". set underneath OH care label. set 6cm down from right side seam as worn. -",1,,,OHAP0566PUTTY
T534,Care / wash labels,Trim,Product code label,Product code label,Label for garment name and manufacturing month and year only - behind wash label in side seam,9,,,OHCJNORFOLK--01; OHCJSNORFOLK--01; OHCJSSUFFOLK--01; OHCJSSUFFOLK--01L; OHCJSSUFFOLK--01S; OHCJSSUFFOLK--03; OHCJSSUFFOLK--03L; OHCJSUFFOLK--01; OHCJSUFFOLK--03
T535,Care / wash labels,Trim,Wash,WASH,60 degree recycled poly organic cotton,1,,,OHAP3528248
T536,Care / wash labels,Trim,Wash,WASH,OLIVER HARVEY 65% 35% recycled POLY organic COTTON LABEL INSIDE RIGHT SIDE SEAM / 60 degree wash,1,,,OHLCJSYORK--03
T537,Care / wash labels,Trim,Wash,WASH,Oliver harvey 65% recycled polyester 35% organic cotton - label inside right side seam / 60 degree wash /2 dot iron/low tumble dry/p dry clean/do not bleach,1,,,OHLCJYORK--03
T538,Care / wash labels,Trim,Wash,WASH,Oliver harvey 65% recycled polyester 35% organic cotton - label inside right side seam / 60 degree wash/ 2 dot iron/tumble dry low/ p dry clean/do not bleach,1,,,OHLCJSYORK--01
T539,Care / wash labels,Trim,Wash,WASH,Oliver harvey 65% recycled polyester 35% organic cotton label inside right side seam / 60 degree wash / 2 dot iron/ low tumble dry/ p dry clean /do not bleach,1,,,OHLCJYORK--01
T540,Care / wash labels,Spec note,,Wash label location,"Right-hand side, inside side seam",17,,,OHCJSMCHESHIRE--01; OHCJMCHESHIRE--01; OHCJMCHESHIRE--01L; OHCJMCHESHIRE--03; OHCJSMCHESHIRE--01L; OHCJSMCHESHIRE--03; OHCJMOXFORD--01; OHCJMOXFORD--01L; OHCJMOXFORD--03; OHCJMOXFORD--03L; OHCJSMOXFORD--01; OHCJSMOXFORD--01L; OHCJSMOXFORD--01S; OHCJSMOXFORD--01LS; OHCJSMOXFORD--03; OHCJSMOXFORD--03L; OHCJSMOXFORDNLL--01
T541,Care / wash labels,Spec note,,Wash label wording,65° wash · 50% polyester 50% cotton — mesh 100% polyester,11,,,OHCJMOXFORD--01; OHCJMOXFORD--01L; OHCJMOXFORD--03; OHCJMOXFORD--03L; OHCJSMOXFORD--01; OHCJSMOXFORD--01L; OHCJSMOXFORD--01S; OHCJSMOXFORD--01LS; OHCJSMOXFORD--03; OHCJSMOXFORD--03L; OHCJSMOXFORDNLL--01
T542,Care / wash labels,Spec note,,Wash label wording,50% polyester 50% cotton — mesh 100% polyester. 65° wash · no bleach · low tumble dry · two-dot iron · P dry clean,6,,,OHCJSMCHESHIRE--01; OHCJMCHESHIRE--01; OHCJMCHESHIRE--01L; OHCJMCHESHIRE--03; OHCJSMCHESHIRE--01L; OHCJSMCHESHIRE--03
T543,Interlinings,Trim,Interlining,INTERLINING,Collar interlined -quality 3860 stabler white,6,,,OHCJMSTRATFORD--01; OHCJMSTRATFORD--01S; OHCJSMSTRATFORD--03; OHCJSMSTRATFORD--01; OHCJSMSTRATFORD--01S; OHLCJHAMPSHIRE--01
T544,Webbing,Trim,Black polypropylene webbing 25mm cmp-web-pu-25-03,Black polypropylene webbing 25mm cmp-web-pu-25-03,Supplier - new lace - their code = webb/c/25/black £6.42/100mt roll 29/4/26- usage 0.19m webbing cut at 19cm x 1,1,,,OHTAB03
T545,Webbing,Trim,Bottle green polypropylene webbing 25mm cmp-web-pu-25-24,Bottle green polypropylene webbing 25mm cmp-web-pu-25-24,Supplier - new lace - their code = webb/c/25/bottle green £9.31/100mt roll 29/4/26- usage 0.19m webbing cut at 19cm x 1,1,,,OHTAB24
T546,Webbing,Trim,Brown polypropylene webbing 25mm cmp-web-pu-25-82,Brown polypropylene webbing 25mm cmp-web-pu-25-82,Supplier - new lace - their code = webb/c/25/brown £9.31/100mt roll 29/4/26- usage 0.19m webbing cut at 19cm x 1,1,,,OHTAB82
T547,Webbing,Trim,Burgundy polypropylene webbing 25mm cmp-web-pu-25-06,Burgundy polypropylene webbing 25mm cmp-web-pu-25-06,Supplier - new lace - their code = webb/c/25/burgundy £9.31/100mt roll 29/4/26- usage 0.19m webbing cut at 19cm x 1,1,,,OHTAB06
T548,Webbing,Trim,Dark grey polypropylene webbing 25mm cmp-web-pu-25-14,Dark grey polypropylene webbing 25mm cmp-web-pu-25-14,Supplier - new lace - their code = webb/c/25/grey £9.31/100mt roll 29/4/26- usage 0.19m webbing cut at 19cm x 1,1,,,OHTAB14
T549,Webbing,Trim,Navy polypropylene webbing 25mm cmp-web-pu-25-15,Navy polypropylene webbing 25mm cmp-web-pu-25-15,Supplier - new lace - their code = webb/c/25/navy £9.31/100mt roll 29/4/26- usage 0.19m webbing cut at 19cm x 1,1,,,OHTAB15
T550,Webbing,Trim,Olive polypropylene webbing 25mm cmp-web-pu-25-83,Olive polypropylene webbing 25mm cmp-web-pu-25-83,Supplier - new lace - their code = webb/c/25/olive £9.31/100mt roll 29/4/26- usage 0.19m webbing cut at 19cm x 1,1,,,OHTAB83
T551,Webbing,Trim,Pink polypropylene webbing 25mm cmp-web-pu-25-04,Pink polypropylene webbing 25mm cmp-web-pu-25-04,Supplier - new lace - their code = webb/c/25/pink £9.31/100mt roll 29/4/26- usage 0.19m webbing cut at 19cm x 1,1,,,OHTAB04
T552,Webbing,Trim,Rainbow polypropylene webbing 25mm cmp-web-pu-25-921,Rainbow polypropylene webbing 25mm cmp-web-pu-25-921,Supplier - new lace - their code = webb/c/25/rainbow £9.31/100mt roll 29/4/26- usage 0.19m webbing cut at 19cm x 1,1,,,OHTAB921
T553,Webbing,Trim,Sand polypropylene webbing 25mm cmp-web-pu-25-131,Sand polypropylene webbing 25mm cmp-web-pu-25-131,Supplier - new lace - their code = webb/c/25/sand £9.31/100mt roll 29/4/26- usage 0.19m webbing cut at 19cm x 1,1,,,OHTAB131
T554,Webbing,Trim,Silver grey polypropylene webbing 25mm cmp-web-pu-25-286,Silver grey polypropylene webbing 25mm cmp-web-pu-25-286,Supplier - new lace - their code = webb/c/25/silver £9.31/100mt roll 29/4/26- usage 0.19m webbing cut at 19cm x 1,1,,,OHTAB286
T555,Webbing,Trim,White polypropylene webbing 25mm cmp-web-pu-25-01,White polypropylene webbing 25mm cmp-web-pu-25-01,Supplier - new lace - their code = webb/c/25/white £9.31/100mt roll 29/4/26- usage 0.19m webbing cut at 19cm x 1,1,,,OHTAB01
T556,Webbing,Trim,Yellow polypropylene webbing 25mm cmp-web-pu-25-11,Yellow polypropylene webbing 25mm cmp-web-pu-25-11,Supplier - new lace - their code = webb/c/25/yellow £9.31/100mt roll 29/4/26- usage 0.19m webbing cut at 19cm x 1,1,,,OHTAB11
T557,Packaging,Trim,Glassine bag for packing,Glassine Bag for packing,GLASSINE PEEL & SEAL BIODEGRADABLE BAG (68x92cm) ref - PKG-BAG-GLA-68x92-PS Supplier Glassine Bags - on line,1,,,OHTAB222/LT
T558,Other,Trim,Antique brass 15mm cap (parts a and b),Antique brass 15mm cap (parts a and b) x 2 each part,1 x Antique brass cap set to each end. Total 2 per tab. Use marker and push up to seam allowance. Pre-hole then set cap. Note cap set to side with no turning.,13,,,OHTAB921; OHTAB01; OHTAB03; OHTAB04; OHTAB06; OHTAB11; OHTAB14; OHTAB15; OHTAB24; OHTAB82; OHTAB83; OHTAB131; OHTAB286
T559,Other,Trim,Oliver harvey,Oliver harvey,Wash 60 degree - poly cotton,1,,,OHAP352803RS
T560,Spec / info only,Spec note,,SIZE,"Finished at 34""(86cm) wide and 27""(68.5cm) long / Finished mesurments - or + 1 cm tolerance",4,,,OHAP352803RS; OHAP352803VARI; OHAP3528248; OHAP352847
T561,Spec / info only,Spec note,,FABRIC,Black ripstop poly cotton 65% 35%,1,,,OHAP352803RS
T562,Spec / info only,Spec note,,FABRIC,BLACK/WHITE SCHWARZ STRIPE - 65% Poly 35% cotton,1,,,OHAP352847
T563,Spec / info only,Spec note,,FABRIC,Black/white vari stripe - 67% poly 33% cotton cut with vertical stripes down apron,1,,,OHAP352803VARI
T564,Spec / info only,Spec note,,FABRIC,BROWN 200gsm) 65% Recycled Polyester 35% organic COTTON X133- AM300,1,,,OHAP352882
T565,Spec / info only,Spec note,,FABRIC,STORM 65% Rcycled polyester 35% organic cotton 200gsm / X133 - AM299,1,,,OHAP3528248
T566,Spec / info only,Spec note,,SIZE,"Finished at 34""(86cm) wide and 27""(68.5cm) long / Finished measurements - or + 1 cm tolerance",1,,,OHAP352882
T567,Spec / info only,Spec note,,SUPPLIERS,CARRINGTONS,1,,,OHAP352803VARI
T568,Spec / info only,Spec note,,SUPPLIERS,Melchior textil,1,,,OHAP352847
T569,Spec / info only,Spec note,,SUPPLIERS,P and R (NT),1,,,OHAP352803RS
T570,Spec / info only,Spec note,,SUPPLIERS,Tiajio,1,,,OHAP352882
T571,Spec / info only,Spec note,,SUPPLIERS,TIAJO,1,,,OHAP3528248
